{
    "SKOS": {
        "sparql_server": {
            "url": "_default"
        },
        "graphUri": "http://www.w3.org/2004/02/skos/core/",
        "label": "skos",
        "isOntology": false,
        "allSubclasses": true,
        "schemaType": "SKOS",
        "newSourceTopClass": "http://www.w3.org/2004/02/skos/core#ConceptScheme",
        "newObject": {
            "treeChildrenClasses": {
                "http://www.w3.org/2004/02/skos/core#Concept": "http://www.w3.org/2004/02/skos/core#Concept",
                "http://www.w3.org/2004/02/skos/core#ConceptScheme": "http://www.w3.org/2004/02/skos/core#Concept"
            },
            "treeParentProperty": "http://www.w3.org/2004/02/skos/core#broader",
            "mandatoryProperties": [
                "http://www.w3.org/2004/02/skos/core#prefLabel"
            ]
        }
    },
    "Total-CTG": {
        "editable": false,
        "controller": "Sparql_SKOS",
        "sparql_server": {
            "url": "_default",
            "xx": 3
        },
        "graphUri": "http://data.total.com/resource/thesaurus/ctg2/",
        "schemaType": "SKOS",
        "predicates": {
            "broaderPredicate": "skos:broader|^skos:hasTopConcept",
            "lang": "en"
        },
        "color": "#9edae5"
    },
    "IEC": {
        "editable": false,
        "controller": "Sparql_SKOS",
        "sparql_server": {
            "url": "_default"
        },
        "graphUri": "http://souslesens.org/vocabulary/iec/",
        "schemaType": "SKOS",
        "predicates": {
            "lang": "en"
        },
        "color": "#9edae5"
    },
    "ENERGISTICS-dirty": {
        "editable": false,
        "controller": "Sparql_SKOS",
        "sparql_server": {
            "url": "_default"
        },
        "graphUri": "http://www.energistics.org/energyml/data/",
        "schemaType": "SKOS",
        "predicates": {
            "lang": "en"
        },
        "color": "#9edae5"
    },
    "Oil-Gas-Upstream": {
        "controller": "Sparql_SKOS",
        "sparql_server": {
            "url": "_default"
        },
        "graphUri": "http://souslesens.org/oil-gas/upstream/",
        "schemaType": "SKOS",
        "predicates": {
            "lang": "en"
        },
        "color": "#17becf"
    },
    "Gaia": {
        "controller": "Sparql_SKOS",
        "sparql_server": {
            "url": "_default"
        },
        "graphUri": "http://data.total.com/resource/dictionary/gaia/",
        "schemaType": "SKOS",
        "predicates": {
            "lang": "en"
        },
        "color": "#dbdb8d"
    },
    "GEMET": {
        "controller": "Sparql_SKOS",
        "sparql_server": {
            "url": "_default"
        },
        "graphUri": "http://www.eionet.europa.eu/gemet/",
        "schemaType": "SKOS",
        "predicates": {
            "lang": "en",
            "prefLabel": "rdfs:label|skos:prefLabel",
            "broaderPredicate": "^skos:member|skos:broader",
            "topConceptFilter": "?topConcept rdf:type <http://www.eionet.europa.eu/gemet/2004/06/gemet-schema.rdf#SuperGroup>.",
            "optionalDepth": 3
        },
        "color": "#c7c7c7"
    },
    "BNF": {
        "controller": "Sparql_SKOS",
        "sparql_server": {
            "url": "https://data.bnf.fr/sparql"
        },
        "graphUri": "http://data.bnf.fr",
        "schemaType": "NONE",
        "predicates": {
            "broaderPredicate": "terms:isPartOf",
            "lang": "fr"
        },
        "color": "#7f7f7f"
    },
    "Dbpedia": {
        "controller": "Sparql_SKOS",
        "sparql_server": {
            "url": "http://dbpedia.org/sparql",
            "method": "GET"
        },
        "graphUri": "http://dbpedia.org",
        "ancestorsDepth": 4,
        "schemaType": "NONE",
        "predicates": {
            "topConceptFilter": "?topConcept  <http://www.w3.org/2000/01/rdf-schema#subClassOf> <http://www.w3.org/2002/07/owl#Thing> .",
            "broaderPredicate": "rdfs:subClassOf",
            "prefLabel": "rdfs:label",
            "lang": "en"
        },
        "color": "#f7b6d2"
    },
    "WIKIDATA": {
        "controller": "Sparql_SKOS",
        "sparql_server": {
            "url": "_default"
        },
        "graphUri": "https://query.wikidata.org/bigdata/namespace/wdq/sparql",
        "schemaType": "SKOS",
        "predicates": {
            "topConceptFilter": "?topConcept skos:broader <https://www2.usgs.gov/science/USGSThesaurus/Categories>.",
            "lang": "en"
        },
        "color": "#c49c94"
    },
    "USGS": {
        "controller": "Sparql_SKOS",
        "sparql_server": {
            "url": "_default"
        },
        "graphUri": "https://www2.usgs.gov/science/USGSThesaurus/",
        "schemaType": "SKOS",
        "predicates": {
            "topConceptFilter": "?topConcept skos:broader <https://www2.usgs.gov/science/USGSThesaurus/Categories>.",
            "lang": "en"
        },
        "color": "#c49c94"
    },
    "GEOSCMIL": {
        "controller": "Sparql_SKOS",
        "sparql_server": {
            "url": "_default"
        },
        "graphUri": "http://resource.geosciml.org/",
        "schemaType": "SKOS",
        "predicates": {
            "broaderPredicate": "^skos:hasTopConcept|skos:broader",
            "lang": "en"
        },
        "color": "#c5b0d5"
    },
    "TermSciences": {
        "controller": "Sparql_SKOS",
        "sparql_server": {
            "url": "_default"
        },
        "graphUri": "http://api.termsciences.fr/termsciences/",
        "schemaType": "SKOS",
        "predicates": {
            "topConceptFilter": "?topConcept skos:prefLabel ?topConceptLabel.filter( ?topConcept in(<http://api.termsciences.fr/termsciences/TE-48512>,<http://api.termsciences.fr/termsciences/TE-60624>,<http://api.termsciences.fr/termsciences/TE-42031>,<http://api.termsciences.fr/termsciences/TE-27516>,<http://api.termsciences.fr/termsciences/TE-42056>,<http://api.termsciences.fr/termsciences/TE-15428>,<http://api.termsciences.fr/termsciences/TE-10236>) )",
            "lang": "en"
        },
        "color": "#c5b0d5"
    },
    "INT_CHRONOSTRATIGRAPHIC_CHART": {
        "controller": "Sparql_SKOS",
        "sparql_server": {
            "url": "_default"
        },
        "graphUri": "http://resource.geosciml.org/vocabulary/timescale/isc2017/",
        "taxonomyPredicates": [
            "http://www.w3.org/2004/02/skos/core#broader"
        ],
        "schemaType": "SKOS",
        "predicates": {
            "topConceptFilter": "?topConcept skos:prefLabel ?topConceptLabel.filter(not exists  {?topConcept <http://www.w3.org/2004/02/skos/core#broader> ?x})",
            "lang": "en"
        },
        "color": "#c5b0d5"
    },
    "ThesaurusIngenieur": {
        "controller": "Sparql_SKOS",
        "sparql_server": {
            "url": "_default"
        },
        "graphUri": "http://www.souslesens.org/thesaurusIngenieur/",
        "schemaType": "SKOS",
        "predicates": {
            "topConceptFilter": "  ?topConcept skos:prefLabel ?topConceptLabel.filter( NOT EXISTS{?topConcept skos:broader ?x})",
            "lang": "en"
        },
        "color": "#ff9896"
    },
    "Unesco": {
        "controller": "Sparql_SKOS",
        "sparql_server": {
            "url": "_default"
        },
        "graphUri": "http://skos.um.es/unesco6/",
        "schemaType": "SKOS",
        "predicates": {
            "topConceptFilter": "  ?topConcept skos:prefLabel ?topConceptLabel.filter( NOT EXISTS{?topConcept skos:broader ?x})",
            "lang": "en"
        },
        "color": "#98df8a"
    },
    "LibraryOfCongress": {
        "controller": "Sparql_SKOS",
        "sparql_server": {
            "url": "_default"
        },
        "graphUri": "http://www.loc.gov/",
        "schemaType": "SKOS",
        "predicates": {
            "topConceptFilterWW": "  ?topConcept skos:prefLabel ?topConceptLabel.filter (exists {?x <http://www.loc.gov/mads/rdf/v1#isMemberOfMADSCollection> ?topConcept}",
            "topConceptFilter": "  ?topConcept skos:prefLabel ?topConceptLabel.?topConcept <http:xxx> ?x.",
            "lang": "en"
        },
        "color": "#ffbb78"
    },
    "LOTERRE": {
        "controller": "Sparql_SKOS",
        "sparql_server": {
            "url": "https://sparql.loterre.fr/LoterreVocabularies/sparql",
            "method": "GET"
        },
        "graphUri": "",
        "schemaType": "SKOS",
        "predicates": {
            "topConceptFilterWW": "  ?topConcept skos:prefLabel ?topConceptLabel.filter (exists {?x <http://www.loc.gov/mads/rdf/v1#isMemberOfMADSCollection> ?topConcept}",
            "topConceptFilter": "  ?topConcept skos:prefLabel ?topConceptLabel.?topConcept <http:xxx> ?x.",
            "lang": "en"
        },
        "color": "#ffbb78"
    },
    "WORDNET": {
        "graphUri": "",
        "sparql_server": {
            "url": "http://wordnet.rkbexplorer.com/sparql/"
        },
        "controller": "Sparql_WORDNET",
        "schemaType": "NONE",
        "schema": null,
        "color": "#e377c2"
    },
    "BFO": {
        "graphUri": "http://purl.obolibrary.org/obo/bfo.owl",
        "sparql_server": {
            "url": "_default"
        },
        "controller": "Sparql_OWL",
        "topClassFilter": "?topConcept rdfs:subClassOf <http://purl.obolibrary.org/obo/BFO_0000001>",
        "schemaType": "OWL",
        "schema": null,
        "color": "#bcbd22",
        "group": "STANDARDS/ABSTRACT ONTOLOGIES"
    },
    "DOLCE": {
        "graphUri": "http://www.ontologydesignpatterns.org/ont/dul/DUL.owl#",
        "sparql_server": {
            "url": "_default"
        },
        "controller": "Sparql_OWL",
        "topClassFilter": "?topConcept ?p ?o filter (?topConcept= <http://www.ontologydesignpatterns.org/ont/dul/DUL.owl#Entity>)",
        "schemaType": "OWL",
        "schema": null,
        "pref_lang": "en",
        "color": "#bcbd22",
        "group": "STANDARDS/ABSTRACT ONTOLOGIES"
    },
    "GUFO": {
        "graphUri": "http://purl.org/nemo/gufo#",
        "sparql_server": {
            "url": "_default"
        },
        "controller": "Sparql_OWL",
        "topClassFilter": "?topConcept rdfs:subClassOf ?superClass filter( not exists {?superClass  rdfs:type <http://www.w3.org/2002/07/owl#Class>})",
        "schemaType": "OWL",
        "schema": null,
        "color": "#bcbd22",
        "group": "STANDARDS/ABSTRACT ONTOLOGIES"
    },
    "SUMO": {
        "graphUri": "http://www.ontologyportal.org/SUMO.owl",
        "sparql_server": {
            "url": "_default"
        },
        "controller": "Sparql_OWL",
        "topClassFilter": "?topConcept rdfs:subClassOf ?superClass filter( not exists {?superClass  rdfs:type <http://www.w3.org/2002/07/owl#Class>})",
        "schemaType": "OWL",
        "schema": null,
        "color": "#bcbd22",
        "group": "STANDARDS/ABSTRACT ONTOLOGIES"
    },
    "SEMANTIC-SCIENCE": {
        "graphUri": "http://semanticscience.org/ontology/sio.owl",
        "sparql_server": {
            "url": "_default"
        },
        "controller": "Sparql_OWL",
        "topClassFilter": "?topConcept rdfs:subClassOf <http://semanticscience.org/resource/SIO_000000>",
        "schemaType": "OWL",
        "schema": null,
        "color": "#bcbd22",
        "group": "STANDARDS/ABSTRACT ONTOLOGIES"
    },
    "DATA_KNOWLEDGE": {
        "graphUri": "http://http://www.data-knowledge.org/dk/",
        "sparql_server": {
            "url": "_default"
        },
        "controller": "Sparql_OWL",
        "topClassFilter": "?topConcept rdfs:subClassOf ?superClass filter( not exists {?superClass  rdfs:type <http://www.w3.org/2002/07/owl#Class>})",
        "schemaType": "OWL",
        "schema": null,
        "color": "#bcbd22",
        "group": "STANDARDS/ABSTRACT ONTOLOGIES"
    },
    "TSF_TOP_ONTOLOGY": {
        "editable": true,
        "graphUri": "http://data.total.com/resource/tsf/top_ontology/",
        "sparql_server": {
            "url": "_default"
        },
        "imports": [
            "BFO",
            "ISO_15926-part-14_PCA"
        ],
        "controller": "Sparql_OWL",
        "topClassFilter": "?topConcept rdfs:subClassOf  ?x filter(?x in (<http://purl.obolibrary.org/obo/BFO_0000001>, <http://www.w3.org/2002/07/owl#Thing>))",
        "schemaType": "OWL",
        "schema": null,
        "color": "#bcbd22",
        "group": "STANDARDS/ABSTRACT ONTOLOGIES"
    },
    "TSF_81346_14224-READI": {
        "editable": true,
        "graphUri": "http://data.total.com/resource/tsf/IEC_ISO_81346-14224-READI/",
        "sparql_server": {
            "url": "_default"
        },
        "imports": [
            "ISO_15926-part-14_PCA"
        ],
        "controller": "Sparql_OWL",
        "topClassFilter": "?topConcept rdf:type <http://data.total.com/resource/tsf/IEC_ISO_81346/topClass>",
        "schemaType": "OWLXXX",
        "schema": null,
        "color": "#bcbd22",
        "group": "STANDARDS/FACILITIES"
    },
    "ISO_15926-part-14_PCA": {
        "graphUri": "http://rds.posccaesar.org/ontology/lis14/ont/core/1.0/",
        "sparql_server": {
            "url": "_default"
        },
        "controller": "Sparql_OWL",
        "topClassFilter": " ?topConcept rdf:type <http://www.w3.org/2002/07/owl#Class>  filter (NOT exists {?topConcept rdfs:subClassOf ?y} &&  (!isBlank(?topConcept))  )",
        "schemaType": "OWL",
        "schema": null,
        "color": "#bcbd22",
        "group": "STANDARDS/ABSTRACT ONTOLOGIES"
    },
    "ISO_15926-part-14_OLD": {
        "graphUri": "http://rds.posccaesar.org/ontology/lis14/ont/core/1.0/OLD",
        "sparql_server": {
            "url": "_default"
        },
        "controller": "Sparql_OWL",
        "topClassFilter": "?topConcept rdfs:subClassOf <http://www.w3.org/2002/07/owl#Thing>",
        "schemaType": "OWLXXX",
        "schema": null,
        "color": "#bcbd22",
        "group": "STANDARDS/ABSTRACT ONTOLOGIES"
    },
    "ISO_15926-part-13": {
        "graphUri": "http://standards.iso.org/iso/15926/part13/",
        "imports": [
            "ISO_15926-part-14_PCA"
        ],
        "sparql_server": {
            "url": "_default"
        },
        "controller": "Sparql_OWL",
        "topClassFilter": "?x rdfs:subClassOf ?topConcept . filter (NOT exists {?obj rdfs:subClassOf ?x})",
        "schemaType": "OWL",
        "schema": null,
        "color": "#bcbd22",
        "group": "STANDARDS/FACILITIES"
    },
    "ISO-15663": {
        "editable": false,
        "graphUri": "http://data.totalenergies.com/resource/iso-15663/",
        "sparql_server": {
            "url": "_default"
        },
        "controller": "Sparql_OWL",
        "topClassFilter": "?topConcept rdf:type <http://souslesens.org/resource/vocabulary/TopConcept>",
        "schemaType": "OWL",
        "schema": null,
        "color": "#bcbd22",
        "group": "STANDARDS/LIFE CYCLE"
    },
    "ILAP": {
        "editable": false,
        "graphUri": null,
        "sparql_server": {
            "url": "http://staging.data.posccaesar.org/ilap",
            "method": "GET"
        },
        "controller": "Sparql_OWL",
        "topClassFilter": " ?topConcept rdf:type <http://www.w3.org/2002/07/owl#Class>  filter (NOT exists {?topConcept rdfs:subClassOf ?y} &&  (!isBlank(?topConcept))  )",
        "schemaType": "OWL",
        "schema": null,
        "color": "#bcbd22",
        "group": "STANDARDS/LIFE CYCLE"
    },
    "TSF_ILAP_19008": {
        "editable": true,
        "graphUri": "http://data.total.com/resource/tsf/ontology/tsf-ilap-19008/",
        "sparql_server": {
            "url": "_default"
        },
        "imports": [
            "ILAP"
        ],
        "controller": "Sparql_OWL",
        "topClassFilter": " ?topConcept rdf:type <http://www.w3.org/2002/07/owl#Class>  filter (NOT exists {?topConcept rdfs:subClassOf ?y} &&  (!isBlank(?topConcept))  )",
        "schemaType": "OWL",
        "schema": null,
        "color": "#bcbd22",
        "group": "TSF/LIFE_CYCLE"
    },
    "CFIHOS_READI": {
        "graphUri": "http://w3id.org/readi/rdl/",
        "sparql_server": {
            "url": "_default"
        },
        "controller": "Sparql_OWL",
        "topClassFilter": " ?topConcept rdfs:subClassOf <http://rds.posccaesar.org/ontology/lis14/rdl/Object>",
        "schemaType": "OWL",
        "schema": null,
        "color": "#bcbd22",
        "group": "STANDARDS/FACILITIES"
    },
    "CFIHOS_1_5_PLUS": {
        "editable": true,
        "graphUriOld": "https://www.jip36-cfihos.org/ontology/cfihos_1_5/",
        "graphUri": "http://data.totalenergies.com/resource/ontology/cfihos_1.5/",
        "sparql_server": {
            "url": "_default"
        },
        "controller": "Sparql_OWL",
        "topClassFilter": "?topConcept rdf:type <http://souslesens.org/resource/vocabulary/TopConcept>",
        "schemaType": "OWL",
        "schema": null,
        "color": "#bcbd22",
        "group": "STANDARDS/FACILITIES"
    },
    "QUANTUM": {
        "graphUri": "http://data.total.com/resource/quantum/",
        "imports": [
            "ISO_15926-part-14_PCA"
        ],
        "sparql_server": {
            "url": "_default"
        },
        "controller": "Sparql_OWL",
        "topClassFilter": "?topConcept rdfs:subClassOf <http://www.w3.org/2002/07/owl#Thing>",
        "schemaType": "NONE",
        "schema": null,
        "color": "#bcbd22",
        "group": "STANDARDS/FACILITIES"
    },
    "ISO_14224": {
        "graphUri": "http://standards.iso.org/iso/14224/",
        "sparql_server": {
            "url": "_default"
        },
        "controller": "Sparql_OWL",
        "topClassFilter": "?topConcept rdfs:subClassOf <http://www.w3.org/2002/07/owl#Thing>",
        "schemaType": "OWLXXX",
        "schema": null,
        "color": "#bcbd22",
        "group": "STANDARDS/MAINTENANCE"
    },
    "IOGP_ISO_14224_merged": {
        "graphUri": "http://data.total.com/resource/one-model/iogp_iso14224/",
        "imports": [
            "ISO_14224"
        ],
        "sparql_server": {
            "url": "_default"
        },
        "controller": "Sparql_OWL",
        "topClassFilter": "?topConcept rdfs:subClassOf <http://www.w3.org/2002/07/owl#Thing>",
        "schemaType": "OWLXXX",
        "schema": null,
        "color": "#bcbd22",
        "group": "STANDARDS/MAINTENANCE"
    },
    "IOGP_ISO_14224": {
        "graphUri": [
            "http://data.total.com/resource/one-model/iogp_iso14224/"
        ],
        "sparql_server": {
            "url": "_default"
        },
        "controller": "Sparql_OWL",
        "topClassFilter": "?topConcept rdfs:subClassOf <http://www.w3.org/2002/07/owl#Thing>",
        "schemaType": "OWLXXX",
        "schema": null,
        "color": "#bcbd22",
        "group": "STANDARDS/MAINTENANCE"
    },
    "NPD": {
        "graphUri": [
            "http://sws.ifi.uio.no/vocab/npd-v2/"
        ],
        "sparql_server": {
            "url": "_default"
        },
        "controller": "Sparql_OWL",
        "topClassFilter": "?topConcept   rdfs:subClassOf ?class. filter (?class in(<http://www.ifomis.org/bfo/1.1#Entity>))",
        "topClassFilterXX": "?topConcept   rdfs:subClassOf ?class. filter (?class in(<http://www.ifomis.org/bfo/1.1/snap#Continuant> ,<http://www.ifomis.org/bfo/1.1/snap#IndependentContinuant>,<thttp://www.ifomis.org/bfo/1.1/snap#IndependentContinuant>))",
        "schemaType": "OWL",
        "schema": null,
        "color": "#e377c2",
        "group": "STANDARDS/2G&R"
    },
    "ENERGISTIC_COMMON": {
        "imports": [
            "ISO_15926-part-14_PCA"
        ],
        "taxonomyPredicates": [
            "http://www.w3.org/2000/01/rdf-schema#subClassOf",
            "http://rds.posccaesar.org/ontology/lis14/rdl/partOf"
        ],
        "graphUri": "http://souslesens.org/energistics/ontology/eml/",
        "sparql_server": {
            "url": "_default"
        },
        "controller": "Sparql_OWL",
        "topClassFilter": "?topConcept rdf:type <http://souslesens.org/resource/vocabulary/TopConcept>",
        "schemaType": "OWL",
        "schema": null,
        "color": "#e377c2",
        "group": "STANDARDS/2G&R"
    },
    "ENERGISTIC_WISTML": {
        "imports": [
            "ENERGISTIC_COMMON",
            "ISO_15926-part-14_PCA"
        ],
        "taxonomyPredicates": [
            "http://www.w3.org/2000/01/rdf-schema#subClassOf",
            "http://rds.posccaesar.org/ontology/lis14/rdl/partOf"
        ],
        "graphUriOLD": "http://souslesens.org/energistics/ontology/witsml/OLD/",
        "graphUri": "http://souslesens.org/energistics/ontology/witsml/",
        "sparql_server": {
            "url": "_default"
        },
        "controller": "Sparql_OWL",
        "topClassFilter": "?topConcept rdf:type <http://souslesens.org/resource/vocabulary/TopConcept>",
        "schemaType": "OWL",
        "schema": null,
        "color": "#e377c2",
        "group": "STANDARDS/2G&R"
    },
    "ENERGISTIC_RESQML": {
        "imports": [
            "ENERGISTIC_COMMON",
            "ISO_15926-part-14_PCA"
        ],
        "taxonomyPredicates": [
            "http://www.w3.org/2000/01/rdf-schema#subClassOf",
            "http://rds.posccaesar.org/ontology/lis14/rdl/partOf"
        ],
        "graphUri": "http://souslesens.org/energistics/ontology/resqml/",
        "sparql_server": {
            "url": "_default"
        },
        "controller": "Sparql_OWL",
        "topClassFilter": "?topConcept rdf:type <http://souslesens.org/resource/vocabulary/TopConcept>",
        "schemaType": "OWL",
        "schema": null,
        "color": "#e377c2",
        "group": "STANDARDS/2G&R"
    },
    "ENERGISTIC_PRODML": {
        "imports": [
            "ENERGISTIC_COMMON",
            "ISO_15926-part-14_PCA"
        ],
        "taxonomyPredicates": [
            "http://www.w3.org/2000/01/rdf-schema#subClassOf",
            "http://rds.posccaesar.org/ontology/lis14/rdl/partOf"
        ],
        "graphUri": "http://souslesens.org/energistics/ontology/prodml/",
        "sparql_server": {
            "url": "_default"
        },
        "controller": "Sparql_OWL",
        "topClassFilter": "?topConcept rdf:type <http://souslesens.org/resource/vocabulary/TopConcept>",
        "schemaType": "OWL",
        "schema": null,
        "color": "#e377c2",
        "group": "STANDARDS/2G&R"
    },
    "CIDOC": {
        "graphUri": "http://erlangen-crm.org/current/",
        "sparql_server": {
            "url": "_default"
        },
        "controller": "Sparql_OWL",
        "topClassFilter": "  ?topConcept rdfs:subClassOf <http://data.15926.org/dm/Thing>",
        "schemaType": "NONE",
        "schema": null,
        "color": "#bcbd22"
    },
    "ISO_15926-PCA": {
        "commment": "redondant with PCA-2",
        "graphUri": "",
        "sparql_server": {
            "urlX": "http://staging.data.posccaesar.org/rdl/",
            "url": "http://staging2.data.posccaesar.org/rdl/fuseki/dataset/sparql",
            "method": "POST",
            "type": "fuseki"
        },
        "controller": "Sparql_OWL",
        "topClassFilter": "?topConcept rdfs:subClassOf <http://data.posccaesar.org/dm/Thing>",
        "schemaType": "OWLxxx",
        "schema": null,
        "color": "#bcbd22",
        "options": {
            "graphPropertiesFilterRegex": "http://data.posccaesar.org/dm/.*"
        },
        "group": "STANDARDS/FACILITIES"
    },
    "ISO_15926-PCA-2": {
        "graphUri": "",
        "sparql_server": {
            "url": "http://192.236.179.169/sparql",
            "method": "GET"
        },
        "controller": "Sparql_OWL",
        "topClassFilterOld": "?topConcept ?x ?y filter (?topConcept in(<http://rds.posccaesar.org/ontology/lis14/rdl/Object>,<http://rds.posccaesar.org/ontology/plm/rdl/PCA_100003772>,<http://rds.posccaesar.org/ontology/lis14/rdl/InformationObject>,<http://rds.posccaesar.org/ontology/lis14/rdl/Activity>))",
        "topClassFilter": "?topConcept rdfs:subClassOf <http://data.15926.org/dm/Thing>",
        "schemaType": "OWL",
        "schema": null,
        "color": "#bcbd22",
        "options": {
            "graphPropertiesFilterRegex": "http://data.posccaesar.org/dm/.*"
        },
        "group": "STANDARDS/FACILITIES"
    },
    "CFIHOS-ISO": {
        "commment": "redondant with PCA-2",
        "graphUri": "",
        "sparql_server": {
            "url": "http://192.236.179.169/sparql",
            "method": "GET"
        },
        "controller": "Sparql_OWL",
        "topClassFilter": "  ?topConcept rdfs:subClassOf <http://data.15926.org/dm/Thing>",
        "schemaType": "OWLxxx",
        "schema": null,
        "color": "#bcbd22",
        "group": "STANDARDS/FACILITIES"
    },
    "CFIHOS_equipment": {
        "graphUri": "http://w3id.org/readi/ontology/CFIHOS-equipment/0.1/",
        "sparql_server": {
            "url": "_default"
        },
        "controller": "Sparql_OWL",
        "topClassFilter": " ?topConcept rdfs:subClassOf <http://rds.posccaesar.org/ontology/lis14/rdl/InanimatePhysicalObject>",
        "schemaType": "OWL",
        "schema": null,
        "color": "#bcbd22",
        "group": "STANDARDS/FACILITIES"
    },
    "ISO_15926-org": {
        "commment": "redondant with PCA-2",
        "graphUri": "",
        "sparql_server": {
            "url": "http://192.236.179.169/sparql",
            "method": "GET"
        },
        "controller": "Sparql_OWL",
        "topClassFilter": "?topConcept rdfs:subClassOf <http://data.15926.org/dm/Thing>",
        "schemaType": "OWL-xxxx",
        "schema": null,
        "color": "#bcbd22",
        "group": "STANDARDS/FACILITIES"
    },
    "ISO_15926-part-4": {
        "editable": false,
        "graphUri": "http://standards.iso.org/iso/15926/part4/",
        "sparql_server": {
            "url": "_default"
        },
        "topClassFilter": "?topConcept rdfs:subClassOf <http://standards.iso.org/iso/15926/part14#class>",
        "controller": "Sparql_OWL",
        "schemaType": "OWL",
        "schema": null,
        "color": "#bcbd22",
        "group": "STANDARDS/ABSTRACT ONTOLOGIES"
    },
    "ISO_15926-11": {
        "editable": false,
        "graphUri": "http://data.ISO15926-11ed2.com/",
        "sparql_server": {
            "url": "_default"
        },
        "controller": "Sparql_OWL",
        "topClassFilter": "?topConcept rdfs:subClassOf <http://www.w3.org/2002/07/owl#Thing>",
        "schemaType": "OWL",
        "schema": null,
        "color": "#bcbd22",
        "group": "STANDARDS/LIFE CYCLE"
    },
    "ISO_15926-part-12": {
        "editable": false,
        "graphUri": "http://standards.iso.org/iso/15926/-12/tech/ontology/v-4/",
        "sparql_server": {
            "url": "_default"
        },
        "controller": "Sparql_OWL",
        "topClassFilter": "?topConcept rdfs:subClassOf <http://www.w3.org/2002/07/owl#Thing>",
        "schemaType": "OWL",
        "schema": null,
        "color": "#bcbd22",
        "group": "STANDARDS/LIFE CYCLE"
    },
    "DEXPI": {
        "editable": false,
        "graphUri": "http://sandbox.dexpi.org/informationmodel/",
        "graphUriNew": "",
        "sparql_server": {
            "urlNew": "_default",
            "url": "https://endpoint.dexpi.org/information_model",
            "no_params": true
        },
        "controller": "Sparql_OWL",
        "topClassFilter": "?topConcept rdfs:subClassOf <http://sandbox.dexpi.org/informationmodel/TechnicalItem>",
        "topClassFilterNew": "?topConcept <http://sandbox.dexpi.org/meta/subClassOf> <http://sandbox.dexpi.org/informationmodel/TechnicalItem>",
        "schemaType": "OWL",
        "schema": null,
        "color": "#bcbd22",
        "group": "STANDARDS/LIFE CYCLE"
    },
    "FMEA": {
        "editable": false,
        "graphUri": [
            "http://data.total.com/resource/one-model/fmea/valves/0.1/"
        ],
        "sparql_server": {
            "url": "_default"
        },
        "controller": "Sparql_OWL",
        "topClassFilter": "?topConcept rdfs:subClassOf<http://www.w3.org/2002/07/owl#Thing>",
        "schemaType": "OWL",
        "schema": null,
        "color": "#bcbd22",
        "group": "STANDARDS/MAINTENANCE"
    },
    "ONE-MODEL": {
        "editable": false,
        "graphUri": "http://data.total.com/resource/one-model/ontology/0.2/",
        "imports": [
            "ISO_15926-part-14_PCA"
        ],
        "sparql_server": {
            "url": "_default"
        },
        "controller": "Sparql_OWL",
        "topClassFilter": "?topConcept rdfs:subClassOf <http://www.w3.org/2002/07/owl#Thing>",
        "schemaType": "OWL",
        "schema": null,
        "color": "#bcbd22",
        "protegeFilePath": "D:\\NLP\\ontologies\\ONE MODEL\\TOTAL_OneModel4.ttl2.owl",
        "group": "TSF/DRAFTS"
    },
    "OSDU": {
        "editable": false,
        "graphUri": "http://souslesens.org/osdu/ontology/",
        "sparql_server": {
            "url": "_default"
        },
        "controller": "Sparql_OWL",
        "topClassFilter": " ?topConcept rdf:type <http://www.w3.org/2002/07/owl#Class>. ?topConcept rdfs:label ?topConceptLabel. filter(regex(?topConceptLabel,'Abstract'))",
        "schemaType": "OWL",
        "schema": null,
        "color": "#bcbd22",
        "group": "STANDARDS/2G&R"
    },
    "PPDM": {
        "editable": false,
        "graphUri": "http://souslesens.org/ppdm/ontology/",
        "sparql_server": {
            "url": "_default"
        },
        "controller": "Sparql_OWL",
        "topClassFilter": " ?topConcept rdf:type <http://www.w3.org/2002/07/owl#Class>  filter (NOT exists {?topConcept rdfs:subClassOf ?y} &&  (!isBlank(?topConcept))  )",
        "schemaType": "OWL",
        "schema": null,
        "color": "#bcbd22",
        "group": "STANDARDS/2G&R"
    },
    "PDEF": {
        "editable": false,
        "graphUri": "http://souslesens.org/pdef/ontology/",
        "sparql_server": {
            "url": "_default"
        },
        "controller": "Sparql_OWL",
        "topClassFilter": " ?topConcept rdf:type <http://www.w3.org/2002/07/owl#Class>  filter (NOT exists {?topConcept rdfs:subClassOf ?y} &&  (!isBlank(?topConcept))  )",
        "schemaType": "OWL",
        "schema": null,
        "color": "#bcbd22",
        "group": "STANDARDS/2G&R"
    },
    "NPDMS": {
        "editable": false,
        "graphUri": "http://souslesens.org/npdms/ontology/",
        "sparql_server": {
            "url": "_default"
        },
        "controller": "Sparql_OWL",
        "topClassFilter": " ?topConcept rdf:type <http://www.w3.org/2002/07/owl#Class>  filter (NOT exists {?topConcept rdfs:subClassOf ?y} &&  (!isBlank(?topConcept))  )",
        "schemaType": "OWL",
        "schema": null,
        "color": "#bcbd22",
        "group": "STANDARDS/2G&R"
    },
    "ISO19008_PBS": {
        "editable": false,
        "graphUri": "http://souslesens.org/iso19008/pbs/",
        "sparql_server": {
            "url": "_default"
        },
        "controller": "Sparql_OWL",
        "topClassFilter": " ?topConcept  ?p ?o.  filter(not exists{?topConcept rdfs:subClassOf ?z})",
        "schemaType": "OWL",
        "schema": null,
        "color": "#bcbd22",
        "group": "STANDARDS/COSTS CODING"
    },
    "ISO19008_SAB": {
        "editable": false,
        "graphUri": "http://souslesens.org/iso19008/sab/",
        "sparql_server": {
            "url": "_default"
        },
        "controller": "Sparql_OWL",
        "topClassFilter": " ?topConcept  ?p ?o.  filter(not exists{?topConcept rdfs:subClassOf ?z})",
        "schemaType": "OWL",
        "schema": null,
        "color": "#bcbd22",
        "group": "STANDARDS/COSTS CODING"
    },
    "ISO19008_COR": {
        "editable": false,
        "graphUri": "http://souslesens.org/iso19008/cor/",
        "sparql_server": {
            "url": "_default"
        },
        "controller": "Sparql_OWL",
        "topClassFilter": "  ?topConcept  ?p ?o.  filter(not exists{?topConcept rdfs:subClassOf ?z})",
        "schemaType": "OWL",
        "schema": null,
        "color": "#bcbd22",
        "group": "STANDARDS/COSTS CODING"
    },
    "ALL_ISO_19008": {
        "editable": true,
        "allowIndividuals": true,
        "graphUri": "http://data.total.com/resource/tsf/ontology/iso19008/all/",
        "sparql_server": {
            "url": "_default"
        },
        "taxonomyPredicates": [
            "rdfs:subClassOf"
        ],
        "imports": [
            "ISO_15926-part-14_PCA",
            "ISO19008_PBS",
            "ISO19008_COR",
            "ISO19008_SAB"
        ],
        "controller": "Sparql_OWL",
        "topClassFilter": " ?topConcept rdfs:subClassOf    ?x filter(regex(str(?x),\"lis14\") && ?conceptGraph =<http://data.total.com/resource/tsf/ontology/data-domains/all/>)",
        "schemaType": "OWL",
        "schema": null,
        "color": "#bcbd22",
        "group": "STANDARDS/COSTS CODING"
    },
    "IOF_core": {
        "editable": false,
        "graphUri": "https://www.industrialontologies.org/core/",
        "sparql_server": {
            "url": "_default"
        },
        "controller": "Sparql_OWL",
        "topClassFilter": " ?topConcept rdfs:subClassOf ?superClass. filter(regex(str(?superClass),'BFO') )",
        "schemaType": "OWL",
        "schema": null,
        "color": "#bcbd22",
        "group": "STANDARDS/ABSTRACT ONTOLOGIES"
    },
    "IOF_maintenance": {
        "editable": false,
        "graphUri": "https://www.industrialontologies.org/maintenance/",
        "imports": [
            "IOF_core"
        ],
        "sparql_server": {
            "url": "_default"
        },
        "controller": "Sparql_OWL",
        "topClassFilter": " ?topConcept rdfs:subClassOf ?superClass. filter(regex(str(?superClass),'BFO') )",
        "schemaType": "OWL",
        "schema": null,
        "color": "#bcbd22",
        "group": "STANDARDS/MAINTENANCE"
    },
    "TSF_ISO_14224": {
        "editable": true,
        "graphUri": "http://data.total.com/resource/tsf/iso_14224/",
        "imports": [
            "TSF_ISO_14224_REQUIREMENTS"
        ],
        "sparql_server": {
            "url": "_default"
        },
        "controller": "Sparql_OWL",
        "topClassFilter": " ?topConcept rdfs:subClassOf  ?superClass filter (?superClass in (<http://rds.posccaesar.org/ontology/lis14/rdl/System>,<http://w3id.org/readi/rdl/D101001053>,<http://rds.posccaesar.org/ontology/lis14/rdl/FunctionalObject>))",
        "schemaType": "OWLXXXXXX",
        "schema": null,
        "color": "#bcbd22",
        "group": "STANDARDS/MAINTENANCE"
    },
    "TSF_GS_EP-EXP_207_11": {
        "editable": true,
        "graphUri": "http://data.total.com/resource/tsf/gs_ep_exp_207_11/",
        "imports": [
            "TSF_ISO_14224"
        ],
        "sparql_server": {
            "url": "_default"
        },
        "controller": "Sparql_OWL",
        "topClassFilter": " ?topConcept rdfs:subClassOf  ?superClass filter (?superClass in (<http://rds.posccaesar.org/ontology/lis14/rdl/System>,<http://w3id.org/readi/rdl/D101001053>,<http://rds.posccaesar.org/ontology/lis14/rdl/FunctionalObject>))",
        "schemaType": "OWL",
        "schema": null,
        "color": "#bcbd22",
        "group": "STANDARDS/MAINTENANCE"
    },
    "ROMAIN": {
        "editable": false,
        "graphUri": "http://www.semanticweb.org/hedi/ontologies/2018/11/ROMAIN/",
        "imports": [
            {
                "graphUri": "http://www.ontologylibrary.mil/CommonCore/Mid/GeospatialOntology",
                "sparql_server": {
                    "url": "_default"
                }
            },
            {
                "graphUri": "http://purl.obolibrary.org/obo/iao/2017-03-24/iao.owl",
                "sparql_server": {
                    "url": "_default"
                }
            },
            {
                "graphUri": "http://www.ontologylibrary.mil/CommonCore/Upper/ExtendedRelationOntology",
                "sparql_server": {
                    "url": "_default"
                }
            },
            {
                "graphUri": "http://purl.obolibrary.org/obo/bfo.owl",
                "sparql_server": {
                    "url": "_default"
                }
            },
            {
                "graphUri": "http://www.obofoundry.org/ro/ro.owl",
                "sparql_server": {
                    "url": "_default"
                }
            },
            {
                "graphUri": "http://www.ontologylibrary.mil/CommonCore/Mid/UnitsOfMeasureOntology",
                "sparql_server": {
                    "url": "_default"
                }
            },
            {
                "graphUri": "http://www.ontologylibrary.mil/CommonCore/Mid/TimeOntology",
                "sparql_server": {
                    "url": "_default"
                }
            },
            {
                "graphUri": "http://www.ontologylibrary.mil/CommonCore/Mid/ArtifactOntology",
                "sparql_server": {
                    "url": "_default"
                }
            }
        ],
        "sparql_server": {
            "url": "_default"
        },
        "controller": "Sparql_OWL",
        "topClassFilterXX": "?topConcept ?x ?y filter( REGEX(STR(?topConcept),'BFO','i'))",
        "topClassFilter": "?topConcept rdfs:subClassOf ?r. ?r rdf:type owl:Restriction",
        "schemaType": "OWL",
        "schema": null,
        "color": "#bcbd22",
        "group": "STANDARDS/MAINTENANCE"
    },
    "TSF_ISO_14224_REQUIREMENTS": {
        "editable": true,
        "graphUri": "http://data.total.com/resource/tsf/iso_14224/requirements/",
        "imports": [],
        "sparql_server": {
            "url": "_default"
        },
        "controller": "Sparql_OWL",
        "topClassFilter": " ?topConcept rdfs:subClassOf  ?superClass filter (?superClass in (<http://rds.posccaesar.org/ontology/lis14/rdl/System>,<http://w3id.org/readi/rdl/D101001053>,<http://rds.posccaesar.org/ontology/lis14/rdl/FunctionalObject>))",
        "schemaType": "OWLXX",
        "schema": null,
        "color": "#bcbd22",
        "group": "STANDARDS/MAINTENANCE"
    },
    "TSF_maintenance_19008": {
        "editable": true,
        "graphUri": "http://data.total.com/resource/tsf/maintenance/19008/",
        "imports": [
            "BFO",
            "ISO_15926-part-14_PCA",
            "IOF_core",
            "IOF_maintenance",
            "ISO19008_COR",
            "ISO19008_SAB",
            "ISO19008_PBS"
        ],
        "sparql_server": {
            "url": "_default"
        },
        "controller": "Sparql_OWL",
        "topClassFilter": null,
        "schemaType": "OWL",
        "schema": null,
        "color": "#bcbd22",
        "group": "TSF/DRAFTS"
    },
    "ILAP_19008": {
        "editable": false,
        "graphUri": null,
        "imports": [
            "ILAP_19008_sameAs",
            "ISO19008_COR",
            "ISO19008_SAB",
            "ISO19008_PBS"
        ],
        "sparql_server": {
            "url": "http://staging.data.posccaesar.org/ilap",
            "method": "GET"
        },
        "taxonomyPredicates": [
            "http://www.w3.org/2000/01/rdf-schema#subClassOf",
            "http://www.w3.org/2002/07/owl#sameAs"
        ],
        "controller": "Sparql_OWL",
        "topClassFilter": " ?topConcept rdf:type <http://www.w3.org/2002/07/owl#Class>  filter (NOT exists {?topConcept rdfs:subClassOf ?y} &&  (!isBlank(?topConcept))  )",
        "schemaType": "OWLXXX",
        "schema": null,
        "color": "#bcbd22",
        "group": "STANDARDS/LIFE CYCLE"
    },
    "TSF_workorder": {
        "editable": true,
        "graphUri": "https://souslesens.org/ontology/workorder/",
        "imports": [
            "WORKORDER_SAPPM",
            "WORKORDER_MYROUTE",
            "WORKORDER_MAINTENANCE_INSPECTION",
            "WORKORDER_LOGISTICS_SUPPORT",
            "ISO_15926-part-14_PCA"
        ],
        "sparql_server": {
            "url": "_default"
        },
        "controller": "Sparql_OWL",
        "topClassFilter": "_default",
        "schemaType": "OWL",
        "schema": null,
        "color": "#bcbd22",
        "group": "TSF/DRAFTS"
    },
    "TSF_ISO-14224": {
        "editable": true,
        "taxonomyPredicates": [
            "http://www.w3.org/2000/01/rdf-schema#subClassOf",
            "http://rds.posccaesar.org/ontology/lis14/rdl/partOf"
        ],
        "graphUri": "http://data.total.com/resource/tsf/iso-14224/",
        "imports": [
            "BFO",
            "ISO_15926-part-14_PCA"
        ],
        "sparql_server": {
            "url": "_default"
        },
        "controller": "Sparql_OWL",
        "topClassFilter": "?topConcept rdf:type <http://souslesens.org/resource/vocabulary/TopConcept>",
        "schemaType": "OWL",
        "schema": null,
        "color": "#bcbd22",
        "group": "STANDARDS/MAINTENANCE"
    },
    "TSF_ISO-14224-2": {
        "editable": true,
        "taxonomyPredicates": [
            "http://www.w3.org/2000/01/rdf-schema#subClassOf",
            "http://rds.posccaesar.org/ontology/lis14/rdl/partOf"
        ],
        "graphUri": "http://data.total.com/resource/tsf/iso-14224/2/",
        "imports": [
            "ISO_15926-part-14_PCA"
        ],
        "sparql_server": {
            "url": "_default"
        },
        "controller": "Sparql_OWL",
        "topClassFilter": "?topConcept rdfs:subClassOf  ?superClass filter (regex(str(?superClass),'lis14') &&  ?conceptGraph =<http://data.total.com/resource/tsf/iso-14224/2/>) ",
        "schemaType": "OWL",
        "schema": null,
        "color": "#bcbd22",
        "group": "STANDARDS/MAINTENANCE"
    },
    "TSF_maintenance_ROMAIN_14224": {
        "editable": true,
        "taxonomyPredicates": [
            "http://www.w3.org/2000/01/rdf-schema#subClassOf",
            "http://rds.posccaesar.org/ontology/lis14/rdl/partOf"
        ],
        "graphUri": "http://data.total.com/resource/tsf/maintenance/romain_14224/",
        "imports": [
            "BFO",
            "ISO_15926-part-14_PCA",
            "ROMAIN",
            "CFIHOS_READI"
        ],
        "sparql_server": {
            "url": "_default"
        },
        "controller": "Sparql_OWL",
        "topClassFilterXX": "?topConcept ?x ?y filter( REGEX(STR(?topConcept),'BFO','i') )",
        "topClassFilter": "?topConcept rdf:type <http://http://data.total.com/resource/tsf/maintenance/romain_14224/topClass>",
        "schemaType": "OWL",
        "schema": null,
        "color": "#bcbd22",
        "group": "STANDARDS/MAINTENANCE"
    },
    "TSF-ISO-IEC-81346": {
        "editable": true,
        "taxonomyPredicates": [
            "http://www.w3.org/2000/01/rdf-schema#subClassOf",
            "http://rds.posccaesar.org/ontology/lis14/rdl/partOf",
            "http://www.w3.org/2004/02/skos/core#member"
        ],
        "graphUri": "http://data.total.com/resource/tsf/IEC_ISO_81346/",
        "imports": [
            "ISO_15926-part-14_PCA"
        ],
        "sparql_server": {
            "url": "_default"
        },
        "controller": "Sparql_OWL",
        "topClassFilterXX": "?topConcept ?x ?y filter( REGEX(STR(?topConcept),'BFO','i') )",
        "topClassFilter": "?topConcept rdf:type <http://souslesens.org/resource/vocabulary/TopConcept>",
        "schemaType": "OWL",
        "schema": null,
        "color": "#bcbd22",
        "group": "ABSTRACT ONTOLOGIES"
    },
    "TSF-RDS-OG-81346": {
        "editable": true,
        "taxonomyPredicates": [
            "http://www.w3.org/2000/01/rdf-schema#subClassOf",
            "http://rds.posccaesar.org/ontology/lis14/rdl/partOf",
            "http://www.w3.org/2004/02/skos/core#member"
        ],
        "graphUri": "http://data.total.com/resource/tsf/RDS_OG_81346/",
        "imports": [
            "ISO_15926-part-14_PCA"
        ],
        "sparql_server": {
            "url": "_default"
        },
        "controller": "Sparql_OWL",
        "topClassFilter": "?topConcept rdf:type <http://souslesens.org/resource/vocabulary/TopConcept>",
        "schemaType": "OWL",
        "schema": null,
        "color": "#bcbd22",
        "group": "ABSTRACT ONTOLOGIES"
    },
    "QUDT": {
        "editable": false,
        "graphUri": "",
        "imports": [],
        "sparql_server": {
            "url": "http://www.qudt.org/fuseki/qudt/sparql",
            "method": "GET"
        },
        "controller": "Sparql_OWL",
        "topClassFilterXX": "?topConcept ?x ?y filter( REGEX(STR(?topConcept),'BFO','i') )",
        "topClassFilter": "?topConcept <http://www.w3.org/2000/01/rdf-schema#subClassOf> <http://qudt.org/schema/qudt/Datatype>",
        "schemaType": "OWL",
        "schema": null,
        "color": "#bcbd22",
        "group": "OTHERS_OWL"
    },
    "TSF-DICTIONARY": {
        "isDictionary": true,
        "editable": true,
        "graphUri": "http://data.total.com/resource/tsf/dictionary/",
        "imports": [],
        "sparql_server": {
            "url": "_default"
        },
        "controller": "Sparql_OWL",
        "topClassFilter": "?topConcept rdf:type <http://souslesens.org/resource/vocabulary/TopConcept>",
        "schemaType": "OWL",
        "schema": null,
        "color": "#bcbd22",
        "group": "DICTIONARIES"
    },
    "TSF-PREDICATES": {
        "editable": true,
        "graphUri": "http://data.total.com/resource/tsf/predicates/",
        "imports": [],
        "sparql_server": {
            "url": "_default"
        },
        "controller": "Sparql_OWL",
        "topClassFilter": "?topConcept rdf:type <http://souslesens.org/resource/vocabulary/TopConcept>",
        "schemaType": "OWL",
        "schema": null,
        "color": "#bcbd22",
        "group": "DICTIONARIES"
    },
    "TSF_ASSET_14224_MAPPINGS": {
        "editable": false,
        "graphUri": "http://data.total.com/resource/tsf/maintenance/romain_14224/asset-mappings/",
        "imports": [],
        "sparql_server": {
            "url": "_default"
        },
        "controller": "Sparql_OWL",
        "topClassFilter": "_default",
        "schemaType": "OWLXXX",
        "schema": null,
        "color": "#bcbd22",
        "group": "STANDARDS/MAINTENANCE"
    },
    "WORKORDER_SAPPM": {
        "editable": false,
        "graphUri": "http://souslesens.org/workorder/sappm/",
        "imports": [],
        "sparql_server": {
            "url": "_default"
        },
        "controller": "Sparql_OWL",
        "topClassFilter": "_default",
        "schemaType": "OWL",
        "schema": null,
        "color": "#bcbd22",
        "group": "TSF/DATA-MODELS"
    },
    "WORKORDER_LOGISTICS_SUPPORT": {
        "editable": false,
        "graphUri": "http://souslesens.org/workorder/logistics_operationalsupport/",
        "imports": [],
        "sparql_server": {
            "url": "_default"
        },
        "controller": "Sparql_OWL",
        "topClassFilter": "_default",
        "schemaType": "OWL",
        "schema": null,
        "color": "#bcbd22",
        "group": "TSF/DATA-MODELS"
    },
    "WORKORDER_MAINTENANCE_INSPECTION": {
        "editable": false,
        "graphUri": "http://souslesens.org/workorder/maintenance_inspection/",
        "imports": [],
        "sparql_server": {
            "url": "_default"
        },
        "controller": "Sparql_OWL",
        "topClassFilter": "_default",
        "schemaType": "OWL",
        "schema": null,
        "color": "#bcbd22",
        "group": "TSF/DATA-MODELS"
    },
    "WORKORDER_MYROUTE": {
        "editable": false,
        "graphUri": "http://souslesens.org/workorder/myroute/",
        "imports": [],
        "sparql_server": {
            "url": "_default"
        },
        "controller": "Sparql_OWL",
        "topClassFilter": "_default",
        "schemaType": "OWL",
        "schema": null,
        "color": "#bcbd22",
        "group": "TSF/DATA-MODELS"
    },
    "plant_ontology": {
        "editable": false,
        "graphUri": "http://purl.obolibrary.org/obo/po/",
        "imports": [],
        "sparql_server": {
            "url": "_default"
        },
        "controller": "Sparql_OWL",
        "topClassFilter": " ?topConcept rdfs:subClassOf ?superClass. filter(regex(str(?superClass),'BFO') )",
        "schemaType": "OWL",
        "schema": null,
        "color": "#bcbd22",
        "group": "OTHERS_OWL"
    },
    "cido_coronavirus": {
        "editable": false,
        "graphUri": "http://purl.obolibrary.org/obo/cido.owl#",
        "imports": [],
        "sparql_server": {
            "url": "_default"
        },
        "controller": "Sparql_OWL",
        "topClassFilter": " ?topConcept rdfs:subClassOf <http://purl.obolibrary.org/obo/BFO_0000001>",
        "schemaType": "OWL",
        "schema": null,
        "color": "#bcbd22",
        "group": "OTHERS_OWL"
    },
    "ONTO_WIND": {
        "editable": true,
        "graphUri": "http://www.semanticweb.org/ontologies/2011/9/Ontology1318785573683.owl/",
        "imports": [
            "ISO_15926-part-14_PCA"
        ],
        "sparql_server": {
            "url": "_default"
        },
        "controller": "Sparql_OWL",
        "topClassFilter": " ?topConcept ?x ?o  filter( not exists {?topConcept rdfs:subClassOf ?y}) ",
        "schemaType": "OWL",
        "schema": null,
        "color": "#bcbd22",
        "group": "OTHERS_OWL"
    },
    "RDL-QUANTUM-MIN": {
        "graphUri": [
            "http://data.total.com/resource/one-model/quantum-rdl/"
        ],
        "sparql_server": {
            "url": "_default"
        },
        "controller": "Sparql_INDIVIDUALS",
        "topClassFilter": "?topConcept rdfs:subClassOf <http://w3id.org/readi/rdl/CFIHOS-30000168>",
        "schemaType": "NONE",
        "schema": null,
        "color": "#bcbd22"
    },
    "ASSETS-turbogenerator": {
        "graphUri": [
            "http://data.total.com/resource/one-model/assets/turbogenerator/"
        ],
        "sparql_server": {
            "url": "_default"
        },
        "controller": "Sparql_INDIVIDUALS",
        "topClassFilter": "?topConcept rdfs:subClassOf <http://w3id.org/readi/rdl/CFIHOS-30000168>",
        "schemaType": "NONE",
        "dataSource": {
            "type": "sql",
            "connection": "_default",
            "dbName": "turbogenerator"
        },
        "schema": null,
        "color": "#bcbd22"
    },
    "ASSETS-CLOV": {
        "graphUri": [
            "http://data.total.com/resource/one-model/assets/clov/"
        ],
        "sparql_server": {
            "url": "_default"
        },
        "controller": "Sparql_INDIVIDUALS",
        "topClassFilter": "?topConcept rdfs:subClassOf <http://w3id.org/readi/rdl/CFIHOS-30000168>",
        "schemaType": "NONE",
        "dataSource": {
            "type": "sql",
            "connection": "_default",
            "dbName": "clov"
        },
        "schema": null,
        "color": "#bcbd22"
    },
    "ASSETS-SIL": {
        "graphUri": [
            "http://data.total.com/resource/one-model/assets/sil/0.2/"
        ],
        "sparql_server": {
            "url": "_default"
        },
        "controller": "Sparql_INDIVIDUALS",
        "topClassFilter": "?topConcept rdfs:subClassOf <http://w3id.org/readi/rdl/CFIHOS-30000168>",
        "schemaType": "NONE",
        "dataSource": {
            "type": "sql",
            "connection": "_default",
            "dbName": "sil"
        },
        "schema": null,
        "color": "#bcbd22"
    },
    "ASSETS-UFR": {
        "graphUri": [
            "http://data.total.com/resource/one-model/assets/ufr/0.1/"
        ],
        "sparql_server": {
            "url": "_default"
        },
        "controller": "Sparql_INDIVIDUALS",
        "topClassFilter": "?topConcept rdfs:subClassOf <http://w3id.org/readi/rdl/CFIHOS-30000168>",
        "schemaType": "NONE",
        "dataSource": {
            "type": "sql.sqlserver",
            "connection": "_default",
            "dbName": "ufr",
            "table_schema": "dbo"
        },
        "schema": null,
        "color": "#bcbd22"
    },
    "MDM_2.3_AFTWIN": {
        "graphUri": [
            "http://data.total.com/resource/one-model/assets/aftwin-uk/0.5/"
        ],
        "sparql_server": {
            "url": "_default"
        },
        "controller": "Sparql_INDIVIDUALS",
        "topClassFilter": "?topConcept rdfs:subClassOf <http://w3id.org/readi/rdl/CFIHOS-30000168>",
        "schemaType": "KNOWLEDGE_GRAPH_XX",
        "dataSource": {
            "type": "sql.sqlserver",
            "connection": "_default",
            "dbName": "MDM_2.3_AFTWIN",
            "table_schema": "dbo"
        },
        "schema": null,
        "color": "#bcbd22"
    },
    "MIE": {
        "graphUri": [
            "http://data.total.com/resource/one-model/assets/mie/0.1/"
        ],
        "sparql_server": {
            "url": "_default"
        },
        "controller": "Sparql_INDIVIDUALS",
        "topClassFilter": "?topConcept rdfs:subClassOf <http://w3id.org/readi/rdl/CFIHOS-30000168>",
        "schemaType": "KNOWLEDGE_GRAPH_XX",
        "dataSource": {
            "type": "sql.sqlserver",
            "connection": "_default",
            "dbName": "MIE",
            "table_schema": "dbo"
        },
        "schema": null,
        "color": "#bcbd22"
    },
    "VALVES": {
        "graphUri": [
            "http://data.total.com/resource/one-model/assets/valves/0.1/"
        ],
        "sparql_server": {
            "url": "_default"
        },
        "controller": "Sparql_INDIVIDUALS",
        "topClassFilter": "?topConcept rdfs:subClassOf <http://w3id.org/readi/rdl/CFIHOS-30000168>",
        "schemaType": "KNOWLEDGE_GRAPH",
        "dataSource": {
            "type": "sql.sqlserver",
            "connection": "_default",
            "dbName": "VALVES",
            "table_schema": "dbo"
        },
        "schema": null,
        "color": "#bcbd22"
    },
    "CLOV": {
        "graphUri": [
            "http://data.total.com/resource/one-model/assets/clov/0.2/"
        ],
        "sparql_server": {
            "url": "_default"
        },
        "controller": "Sparql_INDIVIDUALS",
        "topClassFilter": "?topConcept rdfs:subClassOf <http://w3id.org/readi/rdl/CFIHOS-30000168>",
        "schemaType": "KNOWLEDGE_GRAPH",
        "dataSource": {
            "type": "sql.sqlserver",
            "connection": "_default",
            "dbName": "clov",
            "table_schema": "dbo"
        },
        "schema": null,
        "color": "#bcbd22"
    },
    "MDM_2.3_AFTWIN_Old": {
        "graphUri": [
            "http://data.total.com/resource/one-model/assets/aftwin-uk/0.1/"
        ],
        "sparql_server": {
            "url": "_default"
        },
        "controller": "Sparql_INDIVIDUALS",
        "topClassFilter": "?topConcept rdfs:subClassOf <http://w3id.org/readi/rdl/CFIHOS-30000168>",
        "schemaType": "KNOWLEDGE_GRAPH_XX",
        "dataSource": {
            "type": "sql.sqlserver",
            "connection": "_default",
            "dbName": "MDM_2.3_AFTWIN",
            "table_schema": "dbo"
        },
        "schema": null,
        "color": "#bcbd22"
    },
    "EF_SAP": {
        "graphUri": [
            "http://data.total.com/resource/one-model/assets/ef_sap/0.1/"
        ],
        "sparql_server": {
            "url": "_default"
        },
        "controller": "Sparql_INDIVIDUALS",
        "topClassFilter": "?topConcept rdfs:subClassOf <http://w3id.org/readi/rdl/CFIHOS-30000168>",
        "schemaType": "KNOWLEDGE_GRAPH_XX",
        "dataSource": {
            "type": "sql.sqlserver",
            "connection": "_default",
            "dbName": "EF_SAP",
            "table_schema": "dbo"
        },
        "schema": null,
        "color": "#bcbd22"
    },
    "DATA-DOMAINS": {
        "graphUri": [
            "http://data.total.com/resource/one-model/assets/datadomains/0.1/"
        ],
        "sparql_server": {
            "url": "_default"
        },
        "controller": "Sparql_INDIVIDUALS",
        "topClassFilter": "?topConcept rdfs:subClassOf <http://w3id.org/readi/rdl/CFIHOS-30000168>",
        "schemaType": "NONE",
        "dataSource": {
            "type": "sql.sqlserver",
            "connection": "_default",
            "dbName": "datadomains",
            "table_schema": "dbo"
        },
        "schema": null,
        "color": "#bcbd22"
    },
    "ASSETS-QUANTUM-REQ": {
        "graphUri": [
            "http://data.total.com/resource/one-model/assets/quantum/requirements/0.1/"
        ],
        "sparql_server": {
            "url": "_default"
        },
        "controller": "Sparql_INDIVIDUALS",
        "schemaType": "NONE",
        "dataSource": {
            "type": "sql",
            "connection": "_default",
            "dbName": "quantum"
        },
        "schema": null,
        "color": "#bcbd22"
    },
    "ASSETS-QUANTUM-RDL": {
        "graphUri": [
            "http://data.total.com/resource/one-model/assets/quantum/rdl/0.1/"
        ],
        "sparql_server": {
            "url": "_default"
        },
        "controller": "Sparql_INDIVIDUALS",
        "schemaType": "NONE",
        "dataSource": {
            "type": "sql.sqlserver",
            "connection": "_default",
            "dbName": "rdlquantum"
        },
        "schema": null,
        "color": "#bcbd22"
    },
    "ECCENCA-VALVES-2REMOTE": {
        "graphUri": [
            "http://data.total.com/resource/one-model/eccenca/valves/0.2/"
        ],
        "sparql_server": {
            "urlXX": "_default",
            "url": "https://totquantum.eccenca.dev/dataplatform/proxy/default/sparql?query=",
            "method": "GET",
            "headers": {
                "bearer": "eyJhbGciOiJSUzI1NiIsInR5cCIgOiAiSldUIiwia2lkIiA6ICI5UmhXQ01QbjZnaXBNRHBzWkVxcm5SVk9wNjhfVTN6SzZmYzVrQlFRV0lZIn0"
            }
        },
        "controller": "Sparql_INDIVIDUALS",
        "schemaType": "NONE",
        "schema": null,
        "color": "#bcbd22"
    },
    "NPD-DATA": {
        "graphUri": "http://sws.ifi.uio.no/data/npd-v2/",
        "sparql_server": {
            "url": "_default"
        },
        "controller": "Sparql_OWL",
        "topClassFilter": " ?topConcept   rdfs:subClassOf ?class. filter (?class in(<http://www.ifomis.org/bfo/1.1/snap#Continuant> ,<http://www.ifomis.org/bfo/1.1/snap#IndependentContinuant>,<thttp://www.ifomis.org/bfo/1.1/snap#IndependentContinuant>))",
        "schemaType": "KNOWLEDGE_GRAPH_XX",
        "schema": null,
        "color": "#e377c2"
    },
    "DataDomains": {
        "graphUri": [
            "http://data.total.com/resource/one-model/assets/data-domains/0.1/"
        ],
        "sparql_server": {
            "url": "_default"
        },
        "controller": "Sparql_INDIVIDUALS",
        "schemaType": "KNOWLEDGE_GRAPH_XX",
        "dataSource": {
            "type": "sql.sqlserver",
            "connection": "_default",
            "dbName": "datadomains"
        },
        "schema": null,
        "color": "#bcbd22"
    },
    "CFIHOS_READI-REMOTE": {
        "graphUri": "",
        "sparql_server": {
            "url": "https://demo-irm-dnvgl.northeurope.cloudapp.azure.com/readidemo/sparql/readi-Z018",
            "method": "GET",
            "headers": {
                "Authorization": "Basic cmVhZGlkZW1vOm1pa3NvbHlkaXNr",
                "Connection": "keep-alive"
            }
        },
        "controller": "Sparql_OWL",
        "topClassFilter": "?x rdfs:subClassOf ?topConcept filter(regex(str(?topConcept),'iso','i')) filter(not exists{?topConcept rdfs:subClassOf ?z})",
        "schemaType": "OWLXXX",
        "schema": null,
        "color": "#bcbd22",
        "group": "STANDARDS/FACILITIES"
    },
    "TEPDK_Phusion": {
        "graphUri": [
            "http://data.total.com/resource/one-model/assets/tepdk3/"
        ],
        "sparql_server": {
            "url": "_default"
        },
        "controller": "Sparql_INDIVIDUALS",
        "topClassFilter": "?topConcept rdfs:subClassOf <http://w3id.org/readi/rdl/CFIHOS-30000168>",
        "schemaType": "KNOWLEDGE_GRAPH",
        "dataSource": {
            "type": "sql.sqlserver",
            "connection": "_default",
            "dbName": "TEPDK",
            "table_schema": "dbo",
            "local_dictionary": {
                "table": "tblAttributePickListValue",
                "idColumn": "ID",
                "labelColumn": "Name"
            }
        },
        "schema": null,
        "color": "#bcbd22"
    },
    "TEPDK_FL": {
        "graphUri": [
            "http://data.total.com/resource/one-model/assets/tepdk_FL/"
        ],
        "sparql_server": {
            "url": "_default"
        },
        "controller": "Sparql_INDIVIDUALS",
        "topClassFilter": "?topConcept rdfs:subClassOf <http://w3id.org/readi/rdl/CFIHOS-30000168>",
        "schemaType": "KNOWLEDGE_GRAPH",
        "dataSource": {
            "type": "sql.sqlserver",
            "connection": "_default",
            "dbName": "TEPDK",
            "table_schema": "dbo",
            "local_dictionary": {
                "table": "tblAttributePickListValue",
                "idColumn": "ID",
                "labelColumn": "Name"
            }
        },
        "schema": null,
        "color": "#bcbd22"
    },
    "_training": {
        "graphUri": [
            "http://data.total.com/resource/one-model/assets/training/"
        ],
        "sparql_server": {
            "url": "_default"
        },
        "controller": "Sparql_INDIVIDUALS",
        "topClassFilter": "?topConcept rdfs:subClassOf <http://w3id.org/readi/rdl/CFIHOS-30000168>",
        "schemaType": "KNOWLEDGE_GRAPH_XX",
        "dataSource": {
            "type": "sql.sqlserver",
            "connection": "_default",
            "dbName": "training",
            "table_schema": "dbo"
        },
        "schema": null,
        "color": "#bcbd22"
    },
    "PCA_PLM_CORE": {
        "editable": true,
        "graphUri": "http://rds.posccaesar.org/ontology/plm/ont/core",
        "sparql_server": {
            "url": "_default"
        },
        "imports": [
            "ISO_15926-part-14_PCA"
        ],
        "controller": "Sparql_OWL",
        "topClassFilter": "?topConcept rdfs:subClassOf  ?x filter(regex(str(?x), \"http://rds.posccaesar.org/ontology/lis14/rdl/\"))",
        "schemaType": "OWL",
        "schema": null,
        "color": "#bcbd22",
        "group": "STANDARDS/LIFE CYCLE"
    },
    "PCA_demo_": {
        "editable": true,
        "graphUri": "http://rds.posccaesar.org/ontology/plm/ont/meg-example-20220218/",
        "sparql_server": {
            "url": "_default"
        },
        "imports": [
            "ISO_15926-part-14_PCA"
        ],
        "controller": "Sparql_OWL",
        "topClassFilter": "?topConcept rdfs:subClassOf  ?x filter(regex(str(?x), \"http://rds.posccaesar.org/ontology/lis14/rdl/\"))",
        "schemaType": "OWL",
        "schema": null,
        "color": "#bcbd22",
        "group": "DEMOS/PCA"
    },
    "EVOLEN_demo": {
        "editable": true,
        "allowIndividuals": true,
        "graphUri": "http://data.total.com/resource/tsf/asset/evolen/",
        "sparql_server": {
            "url": "_default"
        },
        "taxonomyPredicates": [
            "http://www.w3.org/2000/01/rdf-schema#subClassOf",
            "http://rds.posccaesar.org/ontology/lis14/rdl/partOf",
            "http://rds.posccaesar.org/ontology/lis14/rdl/assembledPartOf",
            "http://www.w3.org/1999/02/22-rdf-syntax-ns#type"
        ],
        "imports": [],
        "controller": "Sparql_OWL",
        "topClassFilter": "?topConcept rdf:type <http://souslesens.org/resource/vocabulary/TopConcept>",
        "schemaType": "KNOWLEDGE_GRAPH",
        "schema": null,
        "color": "#bcbd22",
        "group": "DEMOS/EVOLEN"
    },
    "UNIK": {
        "editable": true,
        "graphUri": "http://data.total.com/resource/tsf/unik/",
        "sparql_server": {
            "url": "_default"
        },
        "taxonomyPredicates": [],
        "imports": [],
        "controller": "Sparql_OWL",
        "topClassFilter": "?topConcept rdf:type <http://souslesens.org/resource/vocabulary/TopConcept>",
        "schemaType": "OWL",
        "schema": null,
        "color": "#bcbd22",
        "group": "TSF"
    },
    "TSF-BUSINESS-OBJECTS": {
        "editable": true,
        "graphUri": "http://data.total.com/resource/tsf/ontology/business-objects/",
        "sparql_server": {
            "url": "_default"
        },
        "taxonomyPredicates": [],
        "imports": [
            "ISO_15926-part-14_PCA"
        ],
        "controller": "Sparql_OWL",
        "topClassFilter": "?topConcept rdfs:subClassOf <http://rds.posccaesar.org/ontology/lis14/rdl/Organization>",
        "schemaType": "OWL",
        "schema": null,
        "color": "#bcbd22",
        "group": "TSF/DRAFTS"
    },
    "TSF-BUSINESS-OBJECTS-DRILLX": {
        "editable": true,
        "graphUri": "http://data.total.com/resource/tsf/ontology/business-objects/drillx/",
        "sparql_server": {
            "url": "_default"
        },
        "taxonomyPredicates": [],
        "imports": [
            "ISO_15926-part-14_PCA",
            "TSF-BUSINESS-OBJECTS"
        ],
        "controller": "Sparql_OWL",
        "topClassFilter": "?topConcept rdf:type <http://souslesens.org/resource/vocabulary/TopConcept>",
        "schemaType": "OWL",
        "schema": null,
        "color": "#bcbd22",
        "group": "TSF/DRAFTS"
    },
    "TSF-BUSINESS-OBJECTS-SPIDER": {
        "editable": true,
        "allowIndividuals": true,
        "graphUri": "http://data.total.com/resource/tsf/ontology/spider/",
        "sparql_server": {
            "url": "_default"
        },
        "taxonomyPredicates": [
            "http://www.w3.org/1999/02/22-rdf-syntax-ns#type"
        ],
        "imports": [
            "ISO_15926-part-14_PCA"
        ],
        "controller": "Sparql_OWL",
        "topClassFilter": " ?x rdf:type ?topConcept. filter(regex(str(?topConcept),'part14'))",
        "schemaType": "KNOWLEDGE_GRAPH",
        "schema": null,
        "color": "#bcbd22",
        "group": "TSF/DRAFTS"
    },
    "TEST_WRITE_CF": {
        "editable": true,
        "allowIndividuals": true,
        "graphUri": "http://souslesens.org/test/write_cf",
        "sparql_server": {
            "url": "_default"
        },
        "taxonomyPredicates": [],
        "imports": [
            "ISO_15926-part-14_PCA"
        ],
        "controller": "Sparql_OWL",
        "topClassFilter": "?topConcept rdf:type <http://souslesens.org/resource/vocabulary/TopConcept>",
        "schemaType": "OWL",
        "schema": null,
        "color": "#bcbd22",
        "group": "OTHERS_OWL"
    },
    "TEST_WORK_ORDER_SAP": {
        "editable": true,
        "graphUri": "http://souslesens.org//resource/vocabulary/work_order_sap/",
        "sparql_server": {
            "url": "_default"
        },
        "taxonomyPredicates": [],
        "imports": [
            "ISO_15926-part-14_PCA"
        ],
        "controller": "Sparql_OWL",
        "topClassFilter": "?topConcept rdf:type <http://souslesens.org//resource/vocabulary/work_order_sap/>",
        "schemaType": "OWL",
        "schema": null,
        "color": "#bcbd22",
        "group": "OTHERS_OWL"
    },
    "TSF_GEOPHYSICAL": {
        "editable": true,
        "allowIndividuals": true,
        "graphUri": "http://data.total.com/resource/tsf/ontology/geophysical/",
        "sparql_server": {
            "url": "_default"
        },
        "taxonomyPredicates": [],
        "imports": [
            "ISO_15926-part-14_PCA"
        ],
        "controller": "Sparql_OWL",
        "topClassFilter": "?topConcept rdf:type <http://data.total.com/resource/tsf/ontology/geophysical/>",
        "schemaType": "OWL",
        "schema": null,
        "color": "#bcbd22",
        "group": "TSF/DRAFTS"
    },
    "TSF_DRILLX_NATOH": {
        "editable": true,
        "graphUri": "http://data.total.com/resource/tsf/ontology/drillx/natoh/",
        "sparql_server": {
            "url": "_default"
        },
        "taxonomyPredicates": [],
        "imports": [
            "ISO_15926-part-14_PCA"
        ],
        "controller": "Sparql_OWL",
        "topClassFilter": "?x rdfs:subClassOf ?topConcept filter(?conceptGraph !=<http://data.total.com/resource/tsf/ontology/drillx/natoh/>)",
        "schemaType": "OWL",
        "schema": null,
        "color": "#bcbd22",
        "group": "TSF/DRAFTS"
    },
    "TSF_BO_RESERVOIR": {
        "editable": true,
        "graphUri": "http://data.total.com/resource/tsf/ontology/bo-reservoir/",
        "sparql_server": {
            "url": "_default"
        },
        "taxonomyPredicates": [],
        "imports": [
            "ISO_15926-part-14_PCA"
        ],
        "controller": "Sparql_OWL",
        "topClassFilter": "?x rdfs:subClassOf ?topConcept filter(?conceptGraph !=<http://data.total.com/resource/tsf/ontology/bo-reservoir/>)",
        "schemaType": "OWL",
        "schema": null,
        "color": "#bcbd22",
        "group": "TSF/DRAFTS"
    },
    "TSF_BO_DRILLING_COMPLETION": {
        "editable": true,
        "graphUri": "http://data.total.com/resource/tsf/ontology/bo-drilling-completion/",
        "sparql_server": {
            "url": "_default"
        },
        "taxonomyPredicates": [],
        "imports": [
            "ISO_15926-part-14_PCA"
        ],
        "controller": "Sparql_OWL",
        "topClassFilter": "?x rdfs:subClassOf ?topConcept filter(?conceptGraph !=<http://data.total.com/resource/tsf/ontology/bo-drilling-completion/>)",
        "schemaType": "OWL",
        "schema": null,
        "color": "#bcbd22",
        "group": "TSF/DRAFTS"
    },
    "TSF_APPS_CARTOGRAPHY": {
        "editable": true,
        "allowIndividuals": true,
        "graphUri": "http://data.total.com/resource/tsf/ontology/apps-categories/greg/",
        "sparql_server": {
            "url": "_default"
        },
        "taxonomyPredicates": [
            "rdfs:subClassOf",
            "rdf:type"
        ],
        "imports": [
            "ISO_15926-part-14_PCA"
        ],
        "controller": "Sparql_OWL",
        "topClassFilter": " filter(?conceptGraph =<http://data.total.com/resource/tsf/ontology/apps-categories/greg/>)",
        "schemaType": "OWL",
        "schema": null,
        "color": "#bcbd22",
        "group": "TSF/DRAFTS"
    },
    "TSF_INDUSTRIAL_LOGISTICS": {
        "editable": true,
        "allowIndividuals": true,
        "graphUri": "http://data.total.com/resource/tsf/ontology/data-domains/industrial-logistics/",
        "sparql_server": {
            "url": "_default"
        },
        "taxonomyPredicates": [
            "rdfs:subClassOf",
            "rdf:type"
        ],
        "imports": [
            "ISO_15926-part-14_PCA"
        ],
        "controller": "Sparql_OWL",
        "topClassFilter": " ?topConcept rdfs:subClassOf    ?x filter(regex(str(?x),\"lis14\") && ?conceptGraph =<http://data.total.com/resource/tsf/ontology/data-domains/industrial-logistics/>)",
        "schemaType": "OWL",
        "schema": null,
        "color": "#bcbd22",
        "group": "TSF/DRAFTS"
    },
    "TSF_GAIA_TEST": {
        "editable": true,
        "allowIndividuals": true,
        "graphUri": "http://data.total.com/resource/tsf/ontology/gaia-test/",
        "sparql_server": {
            "url": "_default"
        },
        "taxonomyPredicates": [
            "rdfs:subClassOf",
            "rdf:type"
        ],
        "imports": [
            "ISO_15926-part-14_PCA"
        ],
        "controller": "Sparql_OWL",
        "topClassFilter": "  ?topConcept rdfs:subClassOf    ?x filter(regex(str(?x),\"lis14\") && ?conceptGraph =<http://data.total.com/resource/tsf/ontology/gaia-test/>)",
        "schemaType": "OWL",
        "schema": null,
        "color": "#bcbd22",
        "group": "TSF/DRAFTS"
    },
    "TEST_FACILITY_LIFE_CYCLE": {
        "editable": true,
        "allowIndividuals": true,
        "graphUri": "http://data.total.com/resource/tsf/ontology/data-domains/facility-life-cycle/",
        "sparql_server": {
            "url": "_default"
        },
        "taxonomyPredicates": [
            "rdfs:subClassOf",
            "rdf:type"
        ],
        "imports": [
            "ISO_15926-part-14_PCA"
        ],
        "controller": "Sparql_OWL",
        "topClassFilter": " ?topConcept rdfs:subClassOf    ?x filter(regex(str(?x),\"lis14\") && ?conceptGraph =<http://data.total.com/resource/tsf/ontology/data-domains/facility-design/phusion/>)",
        "schemaType": "OWL",
        "schema": null,
        "color": "#bcbd22",
        "group": "TSF/TEPDK"
    },
    "TSF_ONTO_WIND": {
        "editable": true,
        "graphUri": "http://data.total.com/resource/tsf/ontology/ontowind/",
        "imports": [
            "ISO_15926-part-14_PCA",
            "ILAP"
        ],
        "sparql_server": {
            "url": "_default"
        },
        "controller": "Sparql_OWL",
        "topClassFilter": " ?topConcept ?x ?o  filter( not exists {?topConcept rdfs:subClassOf ?y}) ",
        "schemaType": "OWL",
        "schema": null,
        "color": "#bcbd22",
        "group": "TSF/DRAFTS"
    },
    "TSF_HR_TEST": {
        "editable": true,
        "allowIndividuals": true,
        "graphUri": "http://data.total.com/resource/tsf/ontology/data-domains/human-resources-2/",
        "sparql_server": {
            "url": "_default"
        },
        "taxonomyPredicates": [
            "rdfs:subClassOf",
            "rdf:type"
        ],
        "imports": [
            "ISO_15926-part-14_PCA"
        ],
        "controller": "Sparql_OWL",
        "topClassFilter": "  ?topConcept rdfs:subClassOf    ?x filter(regex(str(?x),\"lis14\") && ?conceptGraph =<http://data.total.com/resource/tsf/ontology/data-domains/human-resources-2/>)",
        "schemaType": "OWL",
        "schema": null,
        "color": "#bcbd22",
        "group": "TSF/DRAFTS"
    },
    "TSF_TEPDK_PHUSION": {
        "editable": true,
        "graphUri": "http://data.total.com/resource/tsf/ontology/tepdk/phusion/",
        "sparql_server": {
            "url": "_default"
        },
        "taxonomyPredicates": [],
        "imports": [
            "ISO_15926-part-14_PCA"
        ],
        "controller": "Sparql_OWL",
        "topClassFilter": " ?topConcept rdfs:subClassOf    ?x filter(?topConcept in (<http://data.total.com/resource/tsf/ontology/tepdk/phusion/TOTAL-F0000000801>,<http://data.total.com/resource/tsf/ontology/tepdk/phusion/TOTAL-P0000001723>,<http://data.total.com/resource/tsf/ontology/data-domains/facility-design/phusion/Discipline>))",
        "schemaType": "OWL",
        "schema": null,
        "color": "#bcbd22",
        "group": "TSF/TEPDK"
    },
    "0_ALL_TE_DATA_DOMAINS": {
        "editable": true,
        "allowIndividuals": true,
        "graphUri": "http://data.total.com/resource/tsf/ontology/data-domains/all/",
        "sparql_server": {
            "url": "_default"
        },
        "taxonomyPredicates": [
            "rdfs:subClassOf"
        ],
        "imports": [
            "ISO_15926-part-14_PCA"
        ],
        "controller": "Sparql_OWL",
        "topClassFilter": " ?topConcept rdfs:subClassOf    ?x filter(regex(str(?x),\"lis14\") && ?conceptGraph =<http://data.total.com/resource/tsf/ontology/data-domains/all/>)",
        "schemaType": "OWL",
        "schema": null,
        "color": "#bcbd22",
        "group": "TSF/DATA_DOMAINS"
    },
    "FINANCE_AND_CONTROL": {
        "editable": true,
        "allowIndividuals": true,
        "graphUri": "http://data.total.com/resource/tsf/ontology/data-domains/finance-control/",
        "sparql_server": {
            "url": "_default"
        },
        "taxonomyPredicates": [
            "rdfs:subClassOf",
            "rdf:type"
        ],
        "imports": [
            "ISO_15926-part-14_PCA"
        ],
        "controller": "Sparql_OWL",
        "topClassFilter": " ?topConcept rdfs:subClassOf    ?x filter(regex(str(?x),\"lis14\") && ?conceptGraph =<http://data.total.com/resource/tsf/ontology/data-domains/finance-control/>)",
        "schemaType": "OWL",
        "schema": null,
        "color": "#bcbd22",
        "group": "TSF/DATA_DOMAINS"
    },
    "CONTRACTS_AND_PROCUREMENT": {
        "editable": true,
        "allowIndividuals": true,
        "graphUri": "http://data.total.com/resource/tsf/ontology/data-domains/contracts-procurement/",
        "sparql_server": {
            "url": "_default"
        },
        "taxonomyPredicates": [
            "rdfs:subClassOf",
            "rdf:type"
        ],
        "imports": [
            "ISO_15926-part-14_PCA"
        ],
        "controller": "Sparql_OWL",
        "topClassFilter": " ?topConcept rdfs:subClassOf    ?x filter(regex(str(?x),\"lis14\") && ?conceptGraph =<http://data.total.com/resource/tsf/ontology/data-domains/contracts-procurement/>)",
        "schemaType": "OWL",
        "schema": null,
        "color": "#bcbd22",
        "group": "TSF/DATA_DOMAINS"
    },
    "HSEQ": {
        "editable": true,
        "allowIndividuals": true,
        "graphUri": "http://data.total.com/resource/tsf/ontology/data-domains/hseq/",
        "sparql_server": {
            "url": "_default"
        },
        "taxonomyPredicates": [
            "rdfs:subClassOf",
            "rdf:type"
        ],
        "imports": [
            "ISO_15926-part-14_PCA"
        ],
        "controller": "Sparql_OWL",
        "topClassFilter": " ?topConcept rdfs:subClassOf    ?x filter(regex(str(?x),\"lis14\") && ?conceptGraph =<http://data.total.com/resource/tsf/ontology/data-domains/hseq/>)",
        "schemaType": "OWL",
        "schema": null,
        "color": "#bcbd22",
        "group": "TSF/DATA_DOMAINS"
    },
    "HUMAN_RESOURCES": {
        "editable": true,
        "allowIndividuals": true,
        "graphUri": "http://data.total.com/resource/tsf/ontology/data-domains/human-resources/",
        "sparql_server": {
            "url": "_default"
        },
        "taxonomyPredicates": [
            "rdfs:subClassOf",
            "rdf:type"
        ],
        "imports": [
            "ISO_15926-part-14_PCA"
        ],
        "controller": "Sparql_OWL",
        "topClassFilter": " ?topConcept rdfs:subClassOf    ?x filter(regex(str(?x),\"lis14\") && ?conceptGraph =<http://data.total.com/resource/tsf/ontology/data-domains/human-resources/>)",
        "schemaType": "OWL",
        "schema": null,
        "color": "#bcbd22",
        "group": "TSF/DATA_DOMAINS"
    },
    "FIELD_MONITORING": {
        "editable": true,
        "allowIndividuals": true,
        "graphUri": "http://data.total.com/resource/tsf/ontology/data-domains/field-monitoring/",
        "sparql_server": {
            "url": "_default"
        },
        "taxonomyPredicates": [
            "rdfs:subClassOf",
            "rdf:type"
        ],
        "imports": [
            "ISO_15926-part-14_PCA"
        ],
        "controller": "Sparql_OWL",
        "topClassFilter": " ?topConcept rdfs:subClassOf    ?x filter(regex(str(?x),\"lis14\") && ?conceptGraph =<http://data.total.com/resource/tsf/ontology/data-domains/field-monitoring/>)",
        "schemaType": "OWL",
        "schema": null,
        "color": "#bcbd22",
        "group": "TSF/DATA_DOMAINS"
    },
    "PRODUCTION_PERFORMANCE": {
        "editable": true,
        "allowIndividuals": true,
        "graphUri": "http://data.total.com/resource/tsf/ontology/data-domains/production-performance/",
        "sparql_server": {
            "url": "_default"
        },
        "taxonomyPredicates": [
            "rdfs:subClassOf",
            "rdf:type"
        ],
        "imports": [
            "ISO_15926-part-14_PCA"
        ],
        "controller": "Sparql_OWL",
        "topClassFilter": " ?topConcept rdfs:subClassOf    ?x filter(regex(str(?x),\"lis14\") && ?conceptGraph =<http://data.total.com/resource/tsf/ontology/data-domains/production-performance/>)",
        "schemaType": "OWL",
        "schema": null,
        "color": "#bcbd22",
        "group": "TSF/DATA_DOMAINS"
    },
    "WELL_DESIGN_AND_WELL_OPERATIONS": {
        "editable": true,
        "allowIndividuals": true,
        "graphUri": "http://data.total.com/resource/tsf/ontology/data-domains/well-design-well-operations/",
        "sparql_server": {
            "url": "_default"
        },
        "taxonomyPredicates": [
            "rdfs:subClassOf",
            "rdf:type"
        ],
        "imports": [
            "ISO_15926-part-14_PCA"
        ],
        "controller": "Sparql_OWL",
        "topClassFilter": " ?topConcept rdfs:subClassOf    ?x filter(regex(str(?x),\"lis14\") && ?conceptGraph =<http://data.total.com/resource/tsf/ontology/data-domains/well-design-well-operations/>)",
        "schemaType": "OWL",
        "schema": null,
        "color": "#bcbd22",
        "group": "TSF/DATA_DOMAINS"
    },
    "INDUSTRIAL_LOGISTICS": {
        "editable": true,
        "allowIndividuals": true,
        "graphUri": "http://data.total.com/resource/tsf/ontology/data-domains/industrial-logistics/",
        "sparql_server": {
            "url": "_default"
        },
        "taxonomyPredicates": [
            "rdfs:subClassOf",
            "rdf:type"
        ],
        "imports": [
            "ISO_15926-part-14_PCA"
        ],
        "controller": "Sparql_OWL",
        "topClassFilter": " ?topConcept rdfs:subClassOf    ?x filter(regex(str(?x),\"lis14\") && ?conceptGraph =<http://data.total.com/resource/tsf/ontology/data-domains/industrial-logistics/>)",
        "schemaType": "OWL",
        "schema": null,
        "color": "#bcbd22",
        "group": "TSF/DATA_DOMAINS"
    },
    "SPECIALTIES_AND_KNOWLEDGE": {
        "editable": true,
        "allowIndividuals": true,
        "graphUri": "http://data.total.com/resource/tsf/ontology/data-domains/specialties-knowledge/",
        "sparql_server": {
            "url": "_default"
        },
        "taxonomyPredicates": [
            "rdfs:subClassOf",
            "rdf:type"
        ],
        "imports": [
            "ISO_15926-part-14_PCA"
        ],
        "controller": "Sparql_OWL",
        "topClassFilter": " ?topConcept rdfs:subClassOf    ?x filter(regex(str(?x),\"lis14\") && ?conceptGraph =<http://data.total.com/resource/tsf/ontology/data-domains/specialties-knowledge/>)",
        "schemaType": "OWL",
        "schema": null,
        "color": "#bcbd22",
        "group": "TSF/DATA_DOMAINS"
    },
    "RESERVOIR": {
        "editable": true,
        "allowIndividuals": true,
        "graphUri": "http://data.total.com/resource/tsf/ontology/data-domains/reservoir/",
        "sparql_server": {
            "url": "_default"
        },
        "taxonomyPredicates": [
            "rdfs:subClassOf",
            "rdf:type"
        ],
        "imports": [
            "ISO_15926-part-14_PCA"
        ],
        "controller": "Sparql_OWL",
        "topClassFilter": " ?topConcept rdfs:subClassOf    ?x filter(regex(str(?x),\"lis14\") && ?conceptGraph =<http://data.total.com/resource/tsf/ontology/data-domains/reservoir/>)",
        "schemaType": "OWL",
        "schema": null,
        "color": "#bcbd22",
        "group": "TSF/DATA_DOMAINS"
    },
    "2G_STUDIES": {
        "editable": true,
        "allowIndividuals": true,
        "graphUri": "http://data.total.com/resource/tsf/ontology/data-domains/2g-studies/",
        "sparql_server": {
            "url": "_default"
        },
        "taxonomyPredicates": [
            "rdfs:subClassOf",
            "rdf:type"
        ],
        "imports": [
            "ISO_15926-part-14_PCA"
        ],
        "controller": "Sparql_OWL",
        "topClassFilter": " ?topConcept rdfs:subClassOf    ?x filter(regex(str(?x),\"lis14\") && ?conceptGraph =<http://data.total.com/resource/tsf/ontology/data-domains/2g-studies/>)",
        "schemaType": "OWL",
        "schema": null,
        "color": "#bcbd22",
        "group": "TSF/DATA_DOMAINS"
    },
    "GEOPHYSICAL_DATA": {
        "editable": true,
        "allowIndividuals": true,
        "graphUri": "http://data.total.com/resource/tsf/ontology/data-domains/geophysical-data/",
        "sparql_server": {
            "url": "_default"
        },
        "taxonomyPredicates": [
            "rdfs:subClassOf",
            "rdf:type"
        ],
        "imports": [
            "ISO_15926-part-14_PCA"
        ],
        "controller": "Sparql_OWL",
        "topClassFilter": " ?topConcept rdfs:subClassOf    ?x filter(regex(str(?x),\"lis14\") && ?conceptGraph =<http://data.total.com/resource/tsf/ontology/data-domains/geophysical-data/>)",
        "schemaType": "OWL",
        "schema": null,
        "color": "#bcbd22",
        "group": "TSF/DATA_DOMAINS"
    },
    "GEOSPATIAL": {
        "editable": true,
        "allowIndividuals": true,
        "graphUri": "http://data.total.com/resource/tsf/ontology/data-domains/geospatial/",
        "sparql_server": {
            "url": "_default"
        },
        "taxonomyPredicates": [
            "rdfs:subClassOf",
            "rdf:type"
        ],
        "imports": [
            "ISO_15926-part-14_PCA"
        ],
        "controller": "Sparql_OWL",
        "topClassFilter": " ?topConcept rdfs:subClassOf    ?x filter(regex(str(?x),\"lis14\") && ?conceptGraph =<http://data.total.com/resource/tsf/ontology/data-domains/geospatial/>)",
        "schemaType": "OWL",
        "schema": null,
        "color": "#bcbd22",
        "group": "TSF/DATA_DOMAINS"
    },
    "LAB_DATA": {
        "editable": true,
        "allowIndividuals": true,
        "graphUri": "http://data.total.com/resource/tsf/ontology/data-domains/lab-data/",
        "sparql_server": {
            "url": "_default"
        },
        "taxonomyPredicates": [
            "rdfs:subClassOf",
            "rdf:type"
        ],
        "imports": [
            "ISO_15926-part-14_PCA"
        ],
        "controller": "Sparql_OWL",
        "topClassFilter": " ?topConcept rdfs:subClassOf    ?x filter(regex(str(?x),\"lis14\") && ?conceptGraph =<http://data.total.com/resource/tsf/ontology/data-domains/lab-data/>)",
        "schemaType": "OWL",
        "schema": null,
        "color": "#bcbd22",
        "group": "TSF/DATA_DOMAINS"
    },
    "GEOSCIENCES_WELL_DATA_AND_OPERATIONS": {
        "editable": true,
        "allowIndividuals": true,
        "graphUri": "http://data.total.com/resource/tsf/ontology/data-domains/geosciences-well-data-operations/",
        "sparql_server": {
            "url": "_default"
        },
        "taxonomyPredicates": [
            "rdfs:subClassOf",
            "rdf:type"
        ],
        "imports": [
            "ISO_15926-part-14_PCA"
        ],
        "controller": "Sparql_OWL",
        "topClassFilter": " ?topConcept rdfs:subClassOf    ?x filter(regex(str(?x),\"lis14\") && ?conceptGraph =<http://data.total.com/resource/tsf/ontology/data-domains/geosciences-well-data-operations/>)",
        "schemaType": "OWL",
        "schema": null,
        "color": "#bcbd22",
        "group": "TSF/DATA_DOMAINS"
    },
    "DEVELOPMENT_STUDIES": {
        "editable": true,
        "allowIndividuals": true,
        "graphUri": "http://data.total.com/resource/tsf/ontology/data-domains/development-studies/",
        "sparql_server": {
            "url": "_default"
        },
        "taxonomyPredicates": [
            "rdfs:subClassOf",
            "rdf:type"
        ],
        "imports": [
            "ISO_15926-part-14_PCA"
        ],
        "controller": "Sparql_OWL",
        "topClassFilter": " ?topConcept rdfs:subClassOf    ?x filter(regex(str(?x),\"lis14\") && ?conceptGraph =<http://data.total.com/resource/tsf/ontology/data-domains/development-studies/>)",
        "schemaType": "OWL",
        "schema": null,
        "color": "#bcbd22",
        "group": "TSF/DATA_DOMAINS"
    },
    "INDUSTRIAL_PROJECT_MANAGEMENT": {
        "editable": true,
        "allowIndividuals": true,
        "graphUri": "http://data.total.com/resource/tsf/ontology/data-domains/industrial-project-management/",
        "sparql_server": {
            "url": "_default"
        },
        "taxonomyPredicates": [
            "rdfs:subClassOf",
            "rdf:type"
        ],
        "imports": [
            "ISO_15926-part-14_PCA"
        ],
        "controller": "Sparql_OWL",
        "topClassFilter": " ?topConcept rdfs:subClassOf    ?x filter(regex(str(?x),\"lis14\") && ?conceptGraph =<http://data.total.com/resource/tsf/ontology/data-domains/industrial-project-management/>)",
        "schemaType": "OWL",
        "schema": null,
        "color": "#bcbd22",
        "group": "TSF/DATA_DOMAINS"
    },
    "FACILITY_DESIGN": {
        "editable": true,
        "allowIndividuals": true,
        "graphUri": "http://data.total.com/resource/tsf/ontology/data-domains/facility-design/",
        "sparql_server": {
            "url": "_default"
        },
        "taxonomyPredicates": [
            "rdfs:subClassOf",
            "rdf:type"
        ],
        "imports": [
            "ISO_15926-part-14_PCA",
            "FACILITY_DESIGN_PHUSION"
        ],
        "controller": "Sparql_OWL",
        "topClassFilter": " ?topConcept rdfs:subClassOf    ?x filter(regex(str(?x),\"lis14\") && ?conceptGraph =<http://data.total.com/resource/tsf/ontology/data-domains/facility-design/>)",
        "schemaType": "OWL",
        "schema": null,
        "color": "#bcbd22",
        "group": "TSF/DATA_DOMAINS"
    },
    "FACILITY_DESIGN_PHUSION": {
        "editable": true,
        "allowIndividuals": true,
        "graphUri": "http://data.total.com/resource/tsf/ontology/data-domains/facility-design/phusion/",
        "sparql_server": {
            "url": "_default"
        },
        "taxonomyPredicates": [
            "rdfs:subClassOf",
            "rdf:type"
        ],
        "imports": [
            "ISO_15926-part-14_PCA"
        ],
        "controller": "Sparql_OWL",
        "topClassFilter": " ?topConcept rdfs:subClassOf    ?x filter(?topConcept in (<http://data.total.com/resource/tsf/ontology/tepdk/phusion/TOTAL-F0000000801>,<http://data.total.com/resource/tsf/ontology/tepdk/phusion/TOTAL-P0000001723>))",
        "schemaType": "OWL",
        "schema": null,
        "color": "#bcbd22",
        "group": "TSF/DATA_DOMAINS"
    },
    "FACILITY_OPERATIONS": {
        "editable": true,
        "allowIndividuals": true,
        "graphUri": "http://data.total.com/resource/tsf/ontology/data-domains/facility-operations/",
        "sparql_server": {
            "url": "_default"
        },
        "taxonomyPredicates": [
            "rdfs:subClassOf",
            "rdf:type"
        ],
        "imports": [
            "ISO_15926-part-14_PCA"
        ],
        "controller": "Sparql_OWL",
        "topClassFilter": " ?topConcept rdfs:subClassOf    ?x filter(regex(str(?x),\"lis14\") && ?conceptGraph =<http://data.total.com/resource/tsf/ontology/data-domains/facility-operations/>)",
        "schemaType": "OWL",
        "schema": null,
        "color": "#bcbd22",
        "group": "TSF/DATA_DOMAINS"
    },
    "TSF-WATER-FOOTPRINT": {
        "editable": true,
        "allowIndividuals": true,
        "graphUri": "http://data.total.com/resource/tsf/ontology/tsf-water-footprint/",
        "sparql_server": {
            "url": "_default"
        },
        "taxonomyPredicates": [
            "rdfs:subClassOf"
        ],
        "imports": [
            "ISO_15926-part-14_PCA"
        ],
        "controller": "Sparql_OWL",
        "topClassFilter": " ?topConcept rdfs:subClassOf    ?x filter(regex(str(?x),\"lis14\") && ?conceptGraph =<http://data.total.com/resource/tsf/ontology/tsf-water-footprint/>)",
        "schemaType": "OWL",
        "schema": null,
        "color": "#bcbd22",
        "group": "TSF/DRAFTS"
    },
    "TSF_STANDARDS_LANDSCAPE": {
        "editable": true,
        "allowIndividuals": true,
        "graphUri": "http://data.total.com/resource/tsf/ontology/tsf-standards_landscape/",
        "sparql_server": {
            "url": "_default"
        },
        "taxonomyPredicates": [
            "rdfs:subClassOf",
            "rdf:type"
        ],
        "imports": [
            "ISO_15926-part-14_PCA"
        ],
        "controller": "Sparql_OWL",
        "topClassFilter": " ?topConcept rdfs:subClassOf    ?x filter(regex(str(?x),\"lis14\") && ?conceptGraph =<http://data.total.com/resource/tsf/ontology/tsf-standards_landscape/>)",
        "schemaType": "OWL",
        "schema": null,
        "color": "#bcbd22",
        "group": "TSF/DRAFTS"
    },
    "TSF_WBS_BEGONIA": {
        "editable": true,
        "allowIndividuals": true,
        "graphUri": "http://data.total.com/resource/tsf/ontology/tsf-wbs-begonia/",
        "sparql_server": {
            "url": "_default"
        },
        "taxonomyPredicates": [
            "rdfs:subClassOf",
            "rdf:type"
        ],
        "imports": [
            "ISO_15926-part-14_PCA"
        ],
        "controller": "Sparql_OWL",
        "topClassFilter": " ?topConcept rdfs:subClassOf    ?x filter(regex(str(?x),\"lis14\") && ?conceptGraph =<http://data.total.com/resource/tsf/ontology/tsf-wbs-begonia/>)",
        "schemaType": "OWL",
        "schema": null,
        "color": "#bcbd22",
        "group": "TSF/DRAFTS"
    },
    "TSF_WBS_BEGONIA_2": {
        "editable": true,
        "allowIndividuals": true,
        "graphUri": "http://data.total.com/resource/tsf/ontology/tsf-wbs-begonia-2/",
        "sparql_server": {
            "url": "_default"
        },
        "taxonomyPredicates": [
            "rdfs:subClassOf",
            "rdf:type"
        ],
        "imports": [
            "ISO_15926-part-14_PCA"
        ],
        "controller": "Sparql_OWL",
        "topClassFilter": " ?topConcept rdfs:subClassOf    ?x filter(regex(str(?x),\"lis14\") && ?conceptGraph =<http://data.total.com/resource/tsf/ontology/tsf-wbs-begonia-2/>)",
        "schemaType": "OWL",
        "schema": null,
        "color": "#bcbd22",
        "group": "TSF/DRAFTS"
    },
    "TSF_WBS": {
        "editable": true,
        "allowIndividuals": true,
        "graphUri": "http://data.total.com/resource/tsf/ontology/tsf-wbs/",
        "sparql_server": {
            "url": "_default"
        },
        "taxonomyPredicates": [
            "rdfs:subClassOf",
            "rdf:type"
        ],
        "imports": [
            "ISO_15926-part-14_PCA",
            "TSF_WBS_BEGONIA_2",
            "TSF_WBS_BEGONIA_2"
        ],
        "controller": "Sparql_OWL",
        "topClassFilter": " ?topConcept rdfs:subClassOf    ?x filter(regex(str(?x),\"lis14\") && ?conceptGraph =<http://data.total.com/resource/tsf/ontology/tsf-wbs/>)",
        "schemaType": "OWL",
        "schema": null,
        "color": "#bcbd22",
        "group": "TSF/DRAFTS"
    },
    "EMMO": {
        "editable": false,
        "allowIndividuals": false,
        "graphUri": "http://emmo.info/emmo/",
        "sparql_server": {
            "url": "_default"
        },
        "taxonomyPredicates": [
            "rdfs:subClassOf",
            "rdf:type"
        ],
        "controller": "Sparql_OWL",
        "topClassFilter": " ?topConcept rdfs:subClassOf    ?x filter(regex(str(?x),\"lis14\") && ?conceptGraph =<http://emmo.info/emmo/>)",
        "schemaType": "OWL",
        "schema": null,
        "color": "#bcbd22",
        "group": "OTHERS_OWL"
    },
    "o3po_PRODUCTION_PLANT": {
        "editable": false,
        "allowIndividuals": false,
        "graphUri": "http://www.inf.ufrgs.br/~nosantos/ontologias/production_plant/",
        "imports": [
            "BFO"
        ],
        "sparql_server": {
            "url": "_default"
        },
        "taxonomyPredicates": [
            "rdfs:subClassOf",
            "rdf:type"
        ],
        "controller": "Sparql_OWL",
        "topClassFilter": " ?topConcept rdfs:subClassOf    ?x filter(regex(str(?x),\"lis14\") && ?conceptGraph =<http://emmo.info/emmo/>)",
        "schemaType": "OWL",
        "schema": null,
        "color": "#bcbd22",
        "group": "2G&R"
    }
}