{
  "mappings": [
    {
      "subject": "dbo.tbltag.tagnumber",
      "predicate": "http://www.w3.org/1999/02/22-rdf-syntax-ns#type",
      "object": "http://w3id.org/readi/rdl/D101001495"
    },
    {
      "subject": "dbo.tbltag.functionalclasslabel",
      "predicate": "http://www.w3.org/1999/02/22-rdf-syntax-ns#type",
      "object": "http://w3id.org/readi/rdl/D101001053"
    },
    {
      "subject": "dbo.tbltag.affiliateid",
      "predicate": "http://www.w3.org/1999/02/22-rdf-syntax-ns#type",
      "object": "http://data.total.com/resource/ARDL/Afiliate"
    },
    {
      "subject": "dbo.tbltag.assetid",
      "predicate": "http://www.w3.org/1999/02/22-rdf-syntax-ns#type",
      "object": "http://data.total.com/resource/ARDL/Asset"
    },
    {
      "subject": "dbo.tbltag.siteid",
      "predicate": "http://www.w3.org/1999/02/22-rdf-syntax-ns#type",
      "object": "http://data.total.com/resource/ARDL/Site"
    },
    {
      "subject": "dbo.tbltag.facilitysectorid",
      "predicate": "http://www.w3.org/1999/02/22-rdf-syntax-ns#type",
      "object": "http://data.total.com/resource/ARDL/FacilitySector"
    },
    {
      "subject": "dbo.tbltag.moduleunitid",
      "predicate": "http://www.w3.org/1999/02/22-rdf-syntax-ns#type",
      "object": "http://data.total.com/resource/ARDL/ModuleUnit"
    },
    {
      "subject": "dbo.tbltag.systemlabel",
      "predicate": "http://www.w3.org/1999/02/22-rdf-syntax-ns#type",
      "object": "http://data.total.com/resource/ARDL/System"
    },
    {
      "subject": "dbo.tbltag.functionalclasslabel",
      "predicate": "http://standards.iso.org/iso/15926/part14/representedBy",
      "object": "dbo.tbltag.tagnumber"
    },
    {
      "subject": "dbo.tbltag.affiliateid",
      "predicate": "http://standards.iso.org/iso/15926/part14/hasSubLocation",
      "object": "dbo.tbltag.assetid"
    },
    {
      "subject": "dbo.tbltag.assetid",
      "predicate": "http://standards.iso.org/iso/15926/part14/hasSubLocation",
      "object": "dbo.tbltag.siteid"
    },
    {
      "subject": "dbo.tbltag.siteid",
      "predicate": "http://standards.iso.org/iso/15926/part14/hasSubLocation",
      "object": "dbo.tbltag.facilitysectorid"
    },
    {
      "subject": "dbo.tbltag.facilitysectorid",
      "predicate": "http://standards.iso.org/iso/15926/part14/hasSubLocation",
      "object": "dbo.tbltag.moduleunitid"
    },
    {
      "subject": "dbo.tbltag.functionalclasslabel",
      "predicate": "http://standards.iso.org/iso/15926/part14/locatedRelativeTo",
      "object": "dbo.tbltag.moduleunitid"
    },
    {
      "subject": "dbo.tbltag.systemlabel",
      "predicate": "http://standards.iso.org/iso/15926/part14/locatedRelativeTo",
      "object": "dbo.tbltag.moduleunitid"
    }
  ],
  "model": {
    "http://w3id.org/readi/rdl/D101001495": {
      "parents": [
        "ONE-MODEL-informationObjects",
        "#"
      ],
      "label": "CFIHOS Tag Type"
    },
    "http://w3id.org/readi/rdl/D101001053": {
      "parents": [
        "ONE-MODEL-superClasses",
        "#"
      ],
      "label": "Artefact"
    },
    "http://data.total.com/resource/ARDL/Afiliate": {
      "parents": [
        "ONE-MODEL-ARDL-specific",
        "#"
      ],
      "label": "Afiliate"
    },
    "http://data.total.com/resource/ARDL/Asset": {
      "parents": [
        "ONE-MODEL-ARDL-specific",
        "#"
      ],
      "label": "Asset"
    },
    "http://data.total.com/resource/ARDL/Site": {
      "parents": [
        "ONE-MODEL-ARDL-specific",
        "#"
      ],
      "label": "Site"
    },
    "http://data.total.com/resource/ARDL/FacilitySector": {
      "parents": [
        "ONE-MODEL-ARDL-specific",
        "#"
      ],
      "label": "FacilitySector"
    },
    "http://data.total.com/resource/ARDL/ModuleUnit": {
      "parents": [
        "ONE-MODEL-ARDL-specific",
        "#"
      ],
      "label": "ModuleUnit"
    },
    "http://data.total.com/resource/ARDL/System": {
      "parents": [
        "ARDL-SPECIFIC",
        "#"
      ],
      "label": "System"
    },
    "http://standards.iso.org/iso/15926/part14/representedBy": {
      "label": "representedBy"
    },
    "http://standards.iso.org/iso/15926/part14/hasSubLocation": {
      "label": "hasSubLocation"
    },
    "http://standards.iso.org/iso/15926/part14/locatedRelativeTo": {
      "parents": [
        "ONE-MODEL",
        "#"
      ],
      "label": "locatedRelativeTo"
    }
  },
  "graph": {
    "dbo.tbltag.tagnumber": {
      "x": 506,
      "y": -110
    },
    "dbo.tbltag.functionalclasslabel": {
      "x": 323,
      "y": -12
    },
    "dbo.tbltag.affiliateid": {
      "x": -388,
      "y": -78
    },
    "dbo.tbltag.assetid": {
      "x": -383,
      "y": 62
    },
    "dbo.tbltag.siteid": {
      "x": -365,
      "y": 212
    },
    "dbo.tbltag.facilitysectorid": {
      "x": -139,
      "y": 147
    },
    "dbo.tbltag.moduleunitid": {
      "x": 103,
      "y": 74
    },
    "dbo.tbltag.systemlabel": {
      "x": 4,
      "y": -97
    }
  },
  "data": {
    "adlSource": {
      "type": "sql.sqlserver",
      "connection": "_default",
      "dbName": "TEPDK",
      "table_schema": "dbo",
      "local_dictionary": {
        "table": "tblAttributePickListValue",
        "idColumn": "ID",
        "labelColumn": "Name"
      }
    },
    "adlTable": "dbo.tblTag",
    "build": {
      "createdDate": "2021-09-12T14:36:51.016Z",
      "triples": 7766397,
      "graphUri": "http://data.total.com/resource/one-model/assets/tepdk3/"
    }
  }
}