{
  "mappings": [
    {
      "subject": "dbo.one_tbltabattributes.tagnumber",
      "predicate": "http://www.w3.org/1999/02/22-rdf-syntax-ns#type",
      "object": "http://w3id.org/readi/rdl/D101001495"
    },
    {
      "subject": "dbo.one_tbltabattributes.attributelabel",
      "predicate": "http://www.w3.org/1999/02/22-rdf-syntax-ns#type",
      "object": "http://standards.iso.org/iso/15926/part14/Quality"
    },
    {
      "subject": "dbo.one_tbltabattributes.attributevalue",
      "predicate": "http://www.w3.org/1999/02/22-rdf-syntax-ns#type",
      "object": "http://standards.iso.org/iso/15926/part14/QuantityDatum"
    },
    {
      "subject": "dbo.one_tbltabattributes.uom",
      "predicate": "http://www.w3.org/1999/02/22-rdf-syntax-ns#type",
      "object": "http://w3id.org/readi/rdl/D101001519"
    },
    {
      "subject": "dbo.one_tbltabattributes.tagnumber",
      "predicate": "http://standards.iso.org/iso/15926/part14/hasQuality",
      "object": "dbo.one_tbltabattributes.attributelabel"
    },
    {
      "subject": "dbo.one_tbltabattributes.attributelabel",
      "predicate": "http://standards.iso.org/iso/15926/part14/qualityQuantifiedAs",
      "object": "dbo.one_tbltabattributes.attributevalue"
    },
    {
      "subject": "dbo.one_tbltabattributes.attributevalue",
      "predicate": "http://standards.iso.org/iso/15926/part14/datumUOM",
      "object": "dbo.one_tbltabattributes.uom"
    }
  ],
  "model": {
    "http://w3id.org/readi/rdl/D101001495": {
      "parents": [
        "NO-SUBCLASSES",
        "#"
      ],
      "label": "CFIHOS Tag Type"
    },
    "http://standards.iso.org/iso/15926/part14/Quality": {
      "parents": [
        "REFERENCE",
        "#"
      ],
      "label": "Quality"
    },
    "http://standards.iso.org/iso/15926/part14/QuantityDatum": {
      "parents": [
        "NO-SUBCLASSES",
        "#"
      ],
      "label": "QuantityDatum"
    },
    "http://w3id.org/readi/rdl/D101001519": {
      "parents": [
        "REFERENCE",
        "#"
      ],
      "label": "CFIHOS unit of measure"
    },
    "http://standards.iso.org/iso/15926/part14/hasQuality": {
      "parents": [
        "ONE-MODEL",
        "#"
      ],
      "label": "hasQuality"
    },
    "http://standards.iso.org/iso/15926/part14/qualityQuantifiedAs": {
      "parents": [
        "http://standards.iso.org/iso/15926/part14/representedIn",
        "ONE-MODEL",
        "#"
      ],
      "label": "qualityQuantifiedAs"
    },
    "http://standards.iso.org/iso/15926/part14/datumUOM": {
      "parents": [
        "ONE-MODEL",
        "#"
      ],
      "label": "datumUOM"
    }
  },
  "graph": {
    "dbo.one_tbltabattributes.tagnumber": {
      "x": 159,
      "y": 138
    },
    "dbo.one_tbltabattributes.attributelabel": {
      "x": 356,
      "y": 329
    },
    "dbo.one_tbltabattributes.attributevalue": {
      "x": 564,
      "y": 125
    },
    "dbo.one_tbltabattributes.uom": {
      "x": 665,
      "y": 272
    }
  },
  "data": {
    "adlSource": {
      "type": "sql.sqlserver",
      "connection": "_default",
      "dbName": "TEPDK",
      "table_schema": "dbo",
      "local_dictionary": {
        "table": "tblAttributePickListValue",
        "idColumn": "ID",
        "labelColumn": "Name"
      }
    },
    "adlTable": "dbo.ONE_tbltabAttributes",
    "build": {
      "createdDate": "2021-09-12T14:55:02.766Z",
      "triples": 4588812,
      "graphUri": "http://data.total.com/resource/one-model/assets/tepdk3/"
    }
  }
}