{
  "mappings": [
    {
      "subject": "dbo.one_model_company_functional_physical.modelnumber",
      "predicate": "http://www.w3.org/1999/02/22-rdf-syntax-ns#type",
      "object": "http://w3id.org/readi/rdl/CFIHOS-00000008"
    },
    {
      "subject": "dbo.one_model_company_functional_physical.companyname",
      "predicate": "http://www.w3.org/1999/02/22-rdf-syntax-ns#type",
      "object": "http://standards.iso.org/iso/15926/part14/Organization"
    },
    {
      "subject": "dbo.one_model_company_functional_physical.tagfunctionalclasslabel",
      "predicate": "http://www.w3.org/1999/02/22-rdf-syntax-ns#type",
      "object": "http://w3id.org/readi/rdl/D101001053"
    },
    {
      "subject": "dbo.one_model_company_functional_physical.modelnumber",
      "predicate": "http://w3id.org/readi/rdl/D101001101",
      "object": "dbo.one_model_company_functional_physical.companyname"
    },
    {
      "subject": "dbo.one_model_company_functional_physical.tagfunctionalclasslabel",
      "predicate": "http://standards.iso.org/iso/15926/part14/concretizedBy",
      "object": "dbo.one_model_company_functional_physical.modelnumber"
    }
  ],
  "model": {
    "http://w3id.org/readi/rdl/CFIHOS-00000008": {
      "parents": [
        "NO-SUBCLASSES",
        "#"
      ],
      "label": "CFIHOS Model Part"
    },
    "http://standards.iso.org/iso/15926/part14/Organization": {
      "parents": [
        "NO-SUBCLASSES",
        "#"
      ],
      "label": "organization"
    },
    "http://w3id.org/readi/rdl/D101001053": {
      "parents": [
        "REFERENCE",
        "#"
      ],
      "label": "Artefact"
    },
    "http://w3id.org/readi/rdl/D101001101": {
      "label": "Manufacturer"
    },
    "http://standards.iso.org/iso/15926/part14/concretizedBy": {
      "label": "concretizedBy"
    },
    "http://standards.iso.org/iso/15926/part14/hasInstalled": {
      "label": "hasInstalled"
    }
  },
  "graph": {
    "dbo.one_model_company_functional_physical.modelnumber": {
      "x": 210,
      "y": 277
    },
    "dbo.one_model_company_functional_physical.companyname": {
      "x": 455,
      "y": 511
    },
    "dbo.one_model_company_functional_physical.tagfunctionalclasslabel": {
      "x": 463,
      "y": 126
    }
  },
  "data": {
    "adlSource": {
      "type": "sql.sqlserver",
      "connection": "_default",
      "dbName": "TEPDK",
      "table_schema": "dbo",
      "local_dictionary": {
        "table": "tblAttributePickListValue",
        "idColumn": "ID",
        "labelColumn": "Name"
      }
    },
    "adlTable": "dbo.ONE_model_company_functional_physical",
    "build": {
      "createdDate": "2021-09-12T15:19:09.699Z",
      "triples": 39775,
      "graphUri": "http://data.total.com/resource/one-model/assets/tepdk3/"
    }
  }
}