{
  "mappings": [
    {
      "subject": "adl.tblmodelitem.modelid",
      "predicate": "http://www.w3.org/1999/02/22-rdf-syntax-ns#type",
      "object": "http://w3id.org/readi/rdl/CFIHOS-00000008"
    },
    {
      "subject": "adl.tblmodelitem.id",
      "predicate": "http://www.w3.org/1999/02/22-rdf-syntax-ns#type",
      "object": "http://w3id.org/readi/rdl/D101001053"
    },
    {
      "subject": "adl.tblmodelitem.name",
      "predicate": "http://www.w3.org/1999/02/22-rdf-syntax-ns#type",
      "object": "xsd:string"
    },
    {
      "subject": "adl.tblmodelitem.serialnumber",
      "predicate": "http://www.w3.org/1999/02/22-rdf-syntax-ns#type",
      "object": "http://standards.iso.org/iso/15926/part14#serial_number"
    },
    {
      "subject": "adl.tblmodelitem.status",
      "predicate": "http://www.w3.org/1999/02/22-rdf-syntax-ns#type",
      "object": "http://w3id.org/readi/rdl/CFIHOS-50000038"
    },
    {
      "subject": "adl.tblmodelitem.id",
      "predicate": "http://www.w3.org/2000/01/rdf-schema#label",
      "object": "adl.tblmodelitem.name"
    },
    {
      "subject": "adl.tblmodelitem.id",
      "predicate": "http://standards.iso.org/iso/15926/ontology/life-cycle-integration/identifiedBy",
      "object": "adl.tblmodelitem.serialnumber"
    },
    {
      "subject": "adl.tblmodelitem.id",
      "predicate": "http://standards.iso.org/iso/15926/part14/hasQuality",
      "object": "adl.tblmodelitem.status"
    },
    {
      "subject": "adl.tblmodelitem.modelid",
      "predicate": "http://standards.iso.org/iso/15926/part14/hasInstalled",
      "object": "adl.tblmodelitem.id"
    }
  ],
  "model": {
    "http://w3id.org/readi/rdl/CFIHOS-00000008": {
      "parents": [
        "http://standards.iso.org/iso/15926/part14/InformationObject",
        "http://standards.iso.org/iso/15926/part14/Object",
        "http://www.w3.org/2002/07/owl#Thing",
        "http://www.w3.org/1999/02/22-rdf-syntax-ns#type",
        "ONE-MODEL",
        "#"
      ],
      "label": "CFIHOS Model Part"
    },
    "http://w3id.org/readi/rdl/D101001053": {
      "parents": [
        "http://www.w3.org/1999/02/22-rdf-syntax-ns#type",
        "ONE-MODEL",
        "#"
      ],
      "label": "Artefact"
    },
    "xsd:string": {
      "parents": [
        "#"
      ],
      "label": "xsd:string"
    },
    "http://standards.iso.org/iso/15926/part14#serial_number": {
      "parents": [
        "ISO_15926-part-4_http://standards.iso.org/iso/15926/part14#identification_code_0",
        "ISO_15926-part-4_http://standards.iso.org/iso/15926/part14#identifier_0",
        "ISO_15926-part-4_http://standards.iso.org/iso/15926/part14#class_of_identification_0",
        "ISO_15926-part-4",
        "#"
      ],
      "label": "serial number"
    },
    "http://w3id.org/readi/rdl/CFIHOS-50000038": {
      "parents": [
        "CFIHOS_READI_http://w3id.org/readi/rdl/D101001535_0",
        "CFIHOS_READI_http://w3id.org/readi/rdl/D101001534_0",
        "CFIHOS_READI_http://www.w3.org/2004/02/skos/core#Concept_0",
        "CFIHOS_READI_http://standards.iso.org/iso/15926/part14/InformationObject_0",
        "CFIHOS_READI_http://standards.iso.org/iso/15926/part14/Object_0",
        "CFIHOS_READI",
        "#"
      ],
      "label": "engineering status"
    },
    "http://www.w3.org/2000/01/rdf-schema#label": {
      "label": "rdfs:label"
    },
    "http://standards.iso.org/iso/15926/ontology/life-cycle-integration/identifiedBy": {
      "label": "identifiedBy"
    },
    "http://standards.iso.org/iso/15926/part14/hasQuality": {
      "label": "hasQuality"
    },
    "http://standards.iso.org/iso/15926/part14/hasInstalled": {
      "label": "hasInstalled"
    }
  },
  "graph": {
    "adl.tblmodelitem.modelid": {
      "x": 50,
      "y": 118
    },
    "adl.tblmodelitem.id": {
      "x": 254,
      "y": 290
    },
    "adl.tblmodelitem.name": {
      "x": 438,
      "y": 116
    },
    "adl.tblmodelitem.serialnumber": {
      "x": 191,
      "y": 41
    },
    "adl.tblmodelitem.status": {
      "x": 491,
      "y": 260
    }
  },
  "infos": {
    "lastModified": "2021-05-01T13:54:46.889Z",
    "modifiedBy": "admin",
    "comment": ""
  },
  "data": {
    "adlSource": {
      "type": "sql.sqlserver",
      "connection": "_default",
      "dbName": "MDM_2.3_AFTWIN",
      "table_schema": "dbo"
    },
    "adlTable": "adl.tblModelItem",
    "build": {
      "createdDate": "2021-05-06T06:05:51.080Z",
      "triples": 152534,
      "graphUri": "http://data.total.com/resource/one-model/assets/aftwin-uk/0.1/"
    }
  }
}