{
  "mappings": [
    {
      "subject": "dbo.tbltypicalassemblypatterntofunctionalclasschild.typicalassemblypatternid",
      "predicate": "http://www.w3.org/1999/02/22-rdf-syntax-ns#type",
      "object": "https://w3id.org/requirement-ontology/rdl/REQ_0008"
    },
    {
      "subject": "dbo.tbltypicalassemblypatterntofunctionalclasschild.functionalclassid",
      "predicate": "http://www.w3.org/1999/02/22-rdf-syntax-ns#type",
      "object": "http://standards.iso.org/iso/15926/part14/FunctionalObject"
    },
    {
      "subject": "dbo.tbltypicalassemblypatterntofunctionalclasschild.typicalassemblypatternid",
      "predicate": "https://w3id.org/requirement-ontology/rdl/REQ_0021",
      "object": "dbo.tbltypicalassemblypatterntofunctionalclasschild.functionalclassid"
    }
  ],
  "model": {
    "https://w3id.org/requirement-ontology/rdl/REQ_0008": {
      "parents": [
        "https://w3id.org/requirement-ontology/rdl/REQ_0009",
        "http://standards.iso.org/iso/15926/part14/InformationObject",
        "http://standards.iso.org/iso/15926/part14/Object",
        "http://www.w3.org/2002/07/owl#Thing",
        "http://www.w3.org/1999/02/22-rdf-syntax-ns#type",
        "ONE-MODEL",
        "#"
      ],
      "label": "SCD Clause"
    },
    "http://standards.iso.org/iso/15926/part14/FunctionalObject": {
      "parents": [
        "http://standards.iso.org/iso/15926/part14/Object",
        "http://www.w3.org/2002/07/owl#Thing",
        "http://www.w3.org/1999/02/22-rdf-syntax-ns#type",
        "ONE-MODEL",
        "#"
      ],
      "label": "FunctionalObject"
    },
    "https://w3id.org/requirement-ontology/rdl/REQ_0021": {
      "label": "has scope"
    }
  },
  "graph": {
    "dbo.tbltypicalassemblypatterntofunctionalclasschild.typicalassemblypatternid": {
      "x": -68,
      "y": -54
    },
    "dbo.tbltypicalassemblypatterntofunctionalclasschild.functionalclassid": {
      "x": 144,
      "y": 143
    }
  },
  "infos": {
    "lastModified": "2021-05-01T13:55:15.685Z",
    "modifiedBy": "admin",
    "comment": ""
  },
  "data": {
    "adlSource": {
      "type": "sql.sqlserver",
      "connection": "_default",
      "dbName": "MDM_2.3_AFTWIN",
      "table_schema": "dbo"
    },
    "adlTable": "dbo.tblTypicalAssemblyPatternToFunctionalClassChild",
    "build": {
      "createdDate": "2021-05-04T10:03:53.828Z",
      "triples": 105,
      "graphUri": "http://data.total.com/resource/one-model/assets/aftwin-uk/0.1/"
    }
  }
}