{
  "mappings": [
    {
      "subject": "dbo.tbltypicalassemblypatterntoattributechild.typicalassemblypatternid",
      "predicate": "http://www.w3.org/1999/02/22-rdf-syntax-ns#type",
      "object": "https://w3id.org/requirement-ontology/rdl/REQ_0008"
    },
    {
      "subject": "dbo.tbltypicalassemblypatterntoattributechild.attributeid",
      "predicate": "http://www.w3.org/1999/02/22-rdf-syntax-ns#type",
      "object": "http://data.total.com/resource/one-model/ontology#TOTAL-Attribute"
    },
    {
      "subject": "dbo.tbltypicalassemblypatterntoattributechild.typicalassemblypatternid",
      "predicate": "https://w3id.org/requirement-ontology/rdl/REQ_0021",
      "object": "dbo.tbltypicalassemblypatterntoattributechild.attributeid"
    }
  ],
  "model": {
    "https://w3id.org/requirement-ontology/rdl/REQ_0008": {
      "parents": [
        "https://w3id.org/requirement-ontology/rdl/REQ_0009",
        "http://standards.iso.org/iso/15926/part14/InformationObject",
        "http://standards.iso.org/iso/15926/part14/Object",
        "http://www.w3.org/2002/07/owl#Thing",
        "http://www.w3.org/1999/02/22-rdf-syntax-ns#type",
        "ONE-MODEL",
        "#"
      ],
      "label": "SCD Clause"
    },
    "http://data.total.com/resource/one-model/ontology#TOTAL-Attribute": {
      "parents": [
        "http://standards.iso.org/iso/15926/part14/Quality",
        "http://standards.iso.org/iso/15926/part14/Aspect",
        "http://www.w3.org/2002/07/owl#Thing",
        "http://www.w3.org/1999/02/22-rdf-syntax-ns#type",
        "ONE-MODEL",
        "#"
      ],
      "label": "TOTAL-Attribute"
    },
    "https://w3id.org/requirement-ontology/rdl/REQ_0021": {
      "label": "has scope"
    }
  },
  "graph": {
    "dbo.tbltypicalassemblypatterntoattributechild.typicalassemblypatternid": {
      "x": -47,
      "y": -15
    },
    "dbo.tbltypicalassemblypatterntoattributechild.attributeid": {
      "x": 104,
      "y": 164
    }
  },
  "infos": {
    "lastModified": "2021-05-01T13:55:08.306Z",
    "modifiedBy": "admin",
    "comment": ""
  },
  "data": {
    "adlSource": {
      "type": "sql.sqlserver",
      "connection": "_default",
      "dbName": "MDM_2.3_AFTWIN",
      "table_schema": "dbo"
    },
    "adlTable": "dbo.tblTypicalAssemblyPatternToAttributeChild",
    "build": {
      "createdDate": "2021-05-04T10:03:50.265Z",
      "triples": 97,
      "graphUri": "http://data.total.com/resource/one-model/assets/aftwin-uk/0.1/"
    }
  }
}