{
  "mappings": [
    {
      "subject": "rdl.tblattribute.id",
      "predicate": "http://www.w3.org/1999/02/22-rdf-syntax-ns#type",
      "object": "http://data.total.com/resource/one-model/ontology#TOTAL-Attribute"
    },
    {
      "subject": "rdl.tblattribute.name",
      "predicate": "http://www.w3.org/1999/02/22-rdf-syntax-ns#type",
      "object": "xsd:string"
    },
    {
      "subject": "rdl.tblattribute.id",
      "predicate": "http://www.w3.org/2000/01/rdf-schema#label",
      "object": "rdl.tblattribute.name"
    }
  ],
  "model": {
    "http://data.total.com/resource/one-model/ontology#TOTAL-Attribute": {
      "parents": [
        "http://standards.iso.org/iso/15926/part14/Quality",
        "http://standards.iso.org/iso/15926/part14/Aspect",
        "http://www.w3.org/2002/07/owl#Thing",
        "http://www.w3.org/1999/02/22-rdf-syntax-ns#type",
        "ONE-MODEL",
        "#"
      ],
      "label": "TOTAL-Attribute"
    },
    "xsd:string": {
      "parents": [
        "#"
      ],
      "label": "xsd:string"
    },
    "http://www.w3.org/2000/01/rdf-schema#label": {
      "parents": [
        "#"
      ],
      "label": "rdfs:label"
    }
  },
  "graph": {
    "rdl.tblattribute.id": {
      "x": -78,
      "y": -126
    },
    "rdl.tblattribute.name": {
      "x": 108,
      "y": 94
    }
  },
  "infos": {
    "lastModified": "2021-05-03T12:52:11.751Z",
    "modifiedBy": "admin",
    "comment": ""
  },
  "data": {
    "adlSource": {
      "type": "sql.sqlserver",
      "connection": "_default",
      "dbName": "MDM_2.3_AFTWIN",
      "table_schema": "dbo"
    },
    "adlTable": "rdl.tblAttribute",
    "build": {
      "createdDate": "2021-05-03T13:04:38.153Z",
      "triples": 3221,
      "graphUri": "http://data.total.com/resource/one-model/assets/aftwin-uk/0.1/"
    }
  }
}