{
  "mappings": [
    {
      "subject": "adl.tbltag.id",
      "predicate": "http://www.w3.org/1999/02/22-rdf-syntax-ns#type",
      "object": "http://w3id.org/readi/rdl/CFIHOS-00000028"
    },
    {
      "subject": "adl.tbltag.functionalclassid",
      "predicate": "http://www.w3.org/1999/02/22-rdf-syntax-ns#type",
      "object": "http://standards.iso.org/iso/15926/part14/FunctionalObject"
    },
    {
      "subject": "adl.tbltag.status",
      "predicate": "http://www.w3.org/1999/02/22-rdf-syntax-ns#type",
      "object": "http://data.posccaesar.org/dm/Status"
    },
    {
      "subject": "adl.tbltag.tagnumber",
      "predicate": "http://www.w3.org/1999/02/22-rdf-syntax-ns#type",
      "object": "xsd:string"
    },
    {
      "subject": "adl.tbltag.validationstatus",
      "predicate": "http://www.w3.org/1999/02/22-rdf-syntax-ns#type",
      "object": "xsd:string"
    },
    {
      "subject": "adl.tbltag.tagtype",
      "predicate": "http://www.w3.org/1999/02/22-rdf-syntax-ns#type",
      "object": "xsd:string"
    },
    {
      "subject": "adl.tbltag.cmimsrequired",
      "predicate": "http://www.w3.org/1999/02/22-rdf-syntax-ns#type",
      "object": "xsd:boolean"
    },
    {
      "subject": "adl.tbltag.servicedescription",
      "predicate": "http://www.w3.org/1999/02/22-rdf-syntax-ns#type",
      "object": "xsd:string"
    },
    {
      "subject": "adl.tbltag.servicedescription",
      "predicate": "http://www.w3.org/2000/01/rdf-schema#label",
      "object": "adl.tbltag.tagnumber"
    },
    {
      "subject": "adl.tbltag.id",
      "predicate": "http://www.w3.org/2000/01/rdf-schema#label",
      "object": "adl.tbltag.tagnumber"
    },
    {
      "subject": "adl.tbltag.id",
      "predicate": "http://standards.iso.org/iso/15926/part14/hasFunctionalPart",
      "object": "adl.tbltag.functionalclassid"
    },
    {
      "subject": "adl.tbltag.id",
      "predicate": "http://w3id.org/readi/rdl/CFIHOS-10000025",
      "object": "adl.tbltag.status"
    },
    {
      "subject": "adl.tbltag.id",
      "predicate": "http://w3id.org/readi/rdl/D101001536",
      "object": "adl.tbltag.validationstatus"
    },
    {
      "subject": "adl.tbltag.id",
      "predicate": "http://w3id.org/readi/rdl/D101001536",
      "object": "adl.tbltag.tagtype"
    },
    {
      "subject": "adl.tbltag.id",
      "predicate": "http://www.w3.org/2002/07/owl##DatatypeProperty",
      "object": "adl.tbltag.cmimsrequired"
    },
    {
      "subject": "adl.tbltag.id",
      "predicate": "http://standards.iso.org/iso/15926/part14/isAbout",
      "object": "adl.tbltag.servicedescription"
    }
  ],
  "model": {
    "http://w3id.org/readi/rdl/CFIHOS-00000028": {
      "parents": [
        "http://standards.iso.org/iso/15926/part14/FunctionalObject",
        "http://standards.iso.org/iso/15926/part14/Object",
        "http://www.w3.org/2002/07/owl#Thing",
        "http://www.w3.org/1999/02/22-rdf-syntax-ns#type",
        "ONE-MODEL",
        "#"
      ],
      "label": "Tag"
    },
    "http://standards.iso.org/iso/15926/part14/FunctionalObject": {
      "parents": [
        "http://standards.iso.org/iso/15926/part14/Object",
        "http://www.w3.org/2002/07/owl#Thing",
        "http://www.w3.org/1999/02/22-rdf-syntax-ns#type",
        "ONE-MODEL",
        "#"
      ],
      "label": "FunctionalObject"
    },
    "http://data.posccaesar.org/dm/Status": {
      "parents": [
        "ISO_15926-PCA_http://data.posccaesar.org/dm/ClassOfIndividual_0",
        "ISO_15926-PCA_http://data.posccaesar.org/dm/Class_0",
        "ISO_15926-PCA_http://data.posccaesar.org/dm/AbstractObject_0",
        "ISO_15926-PCA_http://data.posccaesar.org/dm/Thing_0",
        "ISO_15926-PCA_http://www.w3.org/2002/07/owl#Thing_0",
        "ISO_15926-PCA",
        "#"
      ],
      "label": "status"
    },
    "xsd:string": {
      "parents": [
        "#"
      ],
      "label": "xsd:string"
    },
    "xsd:boolean": {
      "parents": [
        "#"
      ],
      "label": "xsd:boolean"
    },
    "http://standards.iso.org/iso/15926/part14/hasFunctionalPart": {
      "label": "hasFunctionalPart"
    },
    "http://w3id.org/readi/rdl/CFIHOS-10000025": {
      "label": "tagStatus"
    },
    "http://w3id.org/readi/rdl/D101001536": {
      "label": "CFIHOS picklist property"
    },
    "http://www.w3.org/2002/07/owl##DatatypeProperty": {
      "label": "owl:DatatypeProperty"
    },
    "http://standards.iso.org/iso/15926/part14/isAbout": {
      "label": "isAbout"
    },
    "http://www.w3.org/2000/01/rdf-schema#label": {
      "parents": [
        "#"
      ],
      "label": "rdfs:label"
    }
  },
  "graph": {
    "adl.tbltag.id": {
      "x": -195,
      "y": -33
    },
    "adl.tbltag.functionalclassid": {
      "x": -11,
      "y": 138
    },
    "adl.tbltag.status": {
      "x": -373,
      "y": 91
    },
    "adl.tbltag.tagnumber": {
      "x": -466,
      "y": -145
    },
    "adl.tbltag.validationstatus": {
      "x": 153,
      "y": -148
    },
    "adl.tbltag.tagtype": {
      "x": 180,
      "y": -12
    },
    "adl.tbltag.cmimsrequired": {
      "x": -58,
      "y": -201
    },
    "adl.tbltag.servicedescription": {
      "x": 218,
      "y": 71
    }
  },
  "infos": {
    "lastModified": "2021-05-10T08:26:48.076Z",
    "modifiedBy": "admin",
    "comment": ""
  },
  "data": {
    "adlSource": {
      "type": "sql.sqlserver",
      "connection": "_default",
      "dbName": "MDM_2.3_AFTWIN",
      "table_schema": "dbo"
    },
    "adlTable": "adl.tblTag",
    "build": {
      "createdDate": "2021-05-04T18:22:53.350Z",
      "triples": 1546538,
      "graphUri": "http://data.total.com/resource/one-model/assets/aftwin-uk/0.1/"
    }
  }
}