{
  "mappings": [
    {
      "subject": "rdl.tblfunctionalclasstoattribute.functionalclassid",
      "predicate": "http://www.w3.org/1999/02/22-rdf-syntax-ns#type",
      "object": "http://standards.iso.org/iso/15926/part14/FunctionalObject"
    },
    {
      "subject": "rdl.tblfunctionalclasstoattribute.attributeid",
      "predicate": "http://www.w3.org/1999/02/22-rdf-syntax-ns#type",
      "object": "http://data.total.com/resource/one-model/ontology#TOTAL-Attribute"
    },
    {
      "subject": "rdl.tblfunctionalclasstoattribute.functionalclassid",
      "predicate": "http://standards.iso.org/iso/15926/part14/hasQuality",
      "object": "rdl.tblfunctionalclasstoattribute.attributeid"
    }
  ],
  "model": {
    "http://standards.iso.org/iso/15926/part14/FunctionalObject": {
      "parents": [
        "http://standards.iso.org/iso/15926/part14/Object",
        "http://www.w3.org/2002/07/owl#Thing",
        "http://www.w3.org/1999/02/22-rdf-syntax-ns#type",
        "ONE-MODEL",
        "#"
      ],
      "label": "FunctionalObject"
    },
    "http://data.total.com/resource/one-model/ontology#TOTAL-Attribute": {
      "parents": [
        "http://standards.iso.org/iso/15926/part14/Quality",
        "http://standards.iso.org/iso/15926/part14/Aspect",
        "http://www.w3.org/2002/07/owl#Thing",
        "http://www.w3.org/1999/02/22-rdf-syntax-ns#type",
        "ONE-MODEL",
        "#"
      ],
      "label": "TOTAL-Attribute"
    },
    "http://standards.iso.org/iso/15926/part14/hasQuality": {
      "parents": [
        "ONE-MODEL",
        "#"
      ],
      "label": "hasQuality"
    }
  },
  "graph": {
    "rdl.tblfunctionalclasstoattribute.functionalclassid": {
      "x": 32,
      "y": 217
    },
    "rdl.tblfunctionalclasstoattribute.attributeid": {
      "x": 33,
      "y": -56
    }
  },
  "infos": {
    "lastModified": "2021-05-03T12:55:08.248Z",
    "modifiedBy": "admin",
    "comment": ""
  },
  "data": {
    "adlSource": {
      "type": "sql.sqlserver",
      "connection": "_default",
      "dbName": "MDM_2.3_AFTWIN",
      "table_schema": "dbo"
    },
    "adlTable": "rdl.tblFunctionalClassToAttribute",
    "build": {
      "createdDate": "2021-05-03T13:05:56.249Z",
      "triples": 70978,
      "graphUri": "http://data.total.com/resource/one-model/assets/aftwin-uk/0.1/"
    }
  }
}