{
  "mappings": [
    {
      "subject": "adl.tbltagattribute.id",
      "predicate": "http://www.w3.org/1999/02/22-rdf-syntax-ns#type",
      "object": "http://standards.iso.org/iso/15926/part14/Quality"
    },
    {
      "subject": "adl.tbltagattribute.tagid",
      "predicate": "http://www.w3.org/1999/02/22-rdf-syntax-ns#type",
      "object": "http://w3id.org/readi/rdl/CFIHOS-00000028"
    },
    {
      "subject": "adl.tbltagattribute.attributeid",
      "predicate": "http://www.w3.org/1999/02/22-rdf-syntax-ns#type",
      "object": "http://data.total.com/resource/one-model/ontology#TOTAL-Attribute"
    },
    {
      "subject": "adl.tbltagattribute.fromvalue",
      "predicate": "http://www.w3.org/1999/02/22-rdf-syntax-ns#type",
      "object": "xsd:string"
    },
    {
      "subject": "adl.tbltagattribute.unitofmeasureid",
      "predicate": "http://www.w3.org/1999/02/22-rdf-syntax-ns#type",
      "object": "http://standards.iso.org/iso/15926/part14/UnitOfMeasure"
    },
    {
      "subject": "adl.tbltagattribute.tovalue",
      "predicate": "http://www.w3.org/1999/02/22-rdf-syntax-ns#type",
      "object": "xsd:string"
    },
    {
      "subject": "adl.tbltagattribute.fromvalue",
      "predicate": "http://data.15926.org/tip/INDStreamHasAsSource_var_Label-2",
      "object": "adl.tbltagattribute.id"
    },
    {
      "subject": "adl.tbltagattribute.id",
      "predicate": "http://standards.iso.org/iso/15926/part14/datumUOM",
      "object": "adl.tbltagattribute.unitofmeasureid"
    },
    {
      "subject": "adl.tbltagattribute.tovalue",
      "predicate": "http://data.15926.org/tip/INDStreamHasAsDestination_var_Label-2",
      "object": "adl.tbltagattribute.id"
    },
    {
      "subject": "adl.tbltagattribute.tagid",
      "predicate": "http://standards.iso.org/iso/15926/part14/hasQuality",
      "object": "adl.tbltagattribute.id"
    },
    {
      "subject": "adl.tbltagattribute.attributeid",
      "predicate": "http://standards.iso.org/iso/15926/part14/quantifiesQuality",
      "object": "adl.tbltagattribute.id"
    }
  ],
  "model": {
    "http://standards.iso.org/iso/15926/part14/Quality": {
      "parents": [
        "http://standards.iso.org/iso/15926/part14/Aspect",
        "http://www.w3.org/2002/07/owl#Thing",
        "http://www.w3.org/1999/02/22-rdf-syntax-ns#type",
        "ONE-MODEL",
        "#"
      ],
      "label": "Quality"
    },
    "http://w3id.org/readi/rdl/CFIHOS-00000028": {
      "parents": [
        "http://standards.iso.org/iso/15926/part14/FunctionalObject",
        "http://standards.iso.org/iso/15926/part14/Object",
        "http://www.w3.org/2002/07/owl#Thing",
        "http://www.w3.org/1999/02/22-rdf-syntax-ns#type",
        "ONE-MODEL",
        "#"
      ],
      "label": "Tag"
    },
    "http://data.total.com/resource/one-model/ontology#TOTAL-Attribute": {
      "parents": [
        "http://standards.iso.org/iso/15926/part14/Quality",
        "http://standards.iso.org/iso/15926/part14/Aspect",
        "http://www.w3.org/2002/07/owl#Thing",
        "http://www.w3.org/1999/02/22-rdf-syntax-ns#type",
        "ONE-MODEL",
        "#"
      ],
      "label": "TOTAL-Attribute"
    },
    "xsd:string": {
      "parents": [
        "#"
      ],
      "label": "xsd:string"
    },
    "http://standards.iso.org/iso/15926/part14/UnitOfMeasure": {
      "parents": [
        "http://standards.iso.org/iso/15926/part14/InformationObject",
        "http://standards.iso.org/iso/15926/part14/Object",
        "http://www.w3.org/2002/07/owl#Thing",
        "http://www.w3.org/1999/02/22-rdf-syntax-ns#type",
        "ONE-MODEL",
        "#"
      ],
      "label": "UnitOfMeasure"
    },
    "http://data.15926.org/tip/INDStreamHasAsSource_var_Label-2": {
      "label": "hasSource"
    },
    "http://standards.iso.org/iso/15926/part14/datumUOM": {
      "label": "datumUOM"
    },
    "http://data.15926.org/tip/INDStreamHasAsDestination_var_Label-2": {
      "label": "hasDestination"
    },
    "http://standards.iso.org/iso/15926/part14/hasQuality": {
      "label": "hasQuality"
    },
    "http://standards.iso.org/iso/15926/part14/quantifiesQuality": {
      "label": "quantifiesQuality"
    }
  },
  "graph": {
    "adl.tbltagattribute.id": {
      "x": -26,
      "y": -83
    },
    "adl.tbltagattribute.tagid": {
      "x": -198,
      "y": 98
    },
    "adl.tbltagattribute.attributeid": {
      "x": 429,
      "y": -18
    },
    "adl.tbltagattribute.fromvalue": {
      "x": 223,
      "y": -111
    },
    "adl.tbltagattribute.unitofmeasureid": {
      "x": 209,
      "y": 51
    },
    "adl.tbltagattribute.tovalue": {
      "x": 14,
      "y": 199
    }
  },
  "infos": {
    "lastModified": "2021-05-01T13:54:58.266Z",
    "modifiedBy": "admin",
    "comment": ""
  },
  "data": {
    "adlSource": {
      "type": "sql.sqlserver",
      "connection": "_default",
      "dbName": "MDM_2.3_AFTWIN",
      "table_schema": "dbo"
    },
    "adlTable": "adl.tblTagAttribute"
  }
}