{
  "mappings": [
    {
      "subject": "rdl.tblfunctionalclass.id",
      "predicate": "http://www.w3.org/1999/02/22-rdf-syntax-ns#type",
      "object": "http://standards.iso.org/iso/15926/part14/FunctionalObject"
    },
    {
      "subject": "rdl.tblfunctionalclass.parentfunctionalclassid",
      "predicate": "http://www.w3.org/1999/02/22-rdf-syntax-ns#type",
      "object": "http://standards.iso.org/iso/15926/part14/FunctionalObject"
    },
    {
      "subject": "rdl.tblfunctionalclass.name",
      "predicate": "http://www.w3.org/1999/02/22-rdf-syntax-ns#type",
      "object": "xsd:string"
    },
    {
      "subject": "rdl.tblfunctionalclass.id",
      "predicate": "http://www.w3.org/2000/01/rdf-schema#label",
      "object": "rdl.tblfunctionalclass.name"
    },
    {
      "subject": "rdl.tblfunctionalclass.id",
      "predicate": "http://standards.iso.org/iso/15926/part14/hasFunctionalPart",
      "object": "rdl.tblfunctionalclass.parentfunctionalclassid"
    }
  ],
  "model": {
    "http://standards.iso.org/iso/15926/part14/FunctionalObject": {
      "parents": [
        "http://standards.iso.org/iso/15926/part14/Object",
        "http://www.w3.org/2002/07/owl#Thing",
        "http://www.w3.org/1999/02/22-rdf-syntax-ns#type",
        "ONE-MODEL",
        "#"
      ],
      "label": "FunctionalObject"
    },
    "xsd:string": {
      "parents": [
        "#"
      ],
      "label": "xsd:string"
    },
    "http://www.w3.org/2000/01/rdf-schema#label": {
      "parents": [
        "#"
      ],
      "label": "rdfs:label"
    },
    "http://standards.iso.org/iso/15926/part14/hasFunctionalPart": {
      "parents": [
        "http://standards.iso.org/iso/15926/part14/hasPart",
        "ONE-MODEL",
        "#"
      ],
      "label": "hasFunctionalPart"
    }
  },
  "graph": {
    "rdl.tblfunctionalclass.id": {
      "x": 105,
      "y": -97
    },
    "rdl.tblfunctionalclass.parentfunctionalclassid": {
      "x": -111,
      "y": 84
    },
    "rdl.tblfunctionalclass.name": {
      "x": 318,
      "y": 90
    }
  },
  "infos": {
    "lastModified": "2021-05-03T13:04:01.505Z",
    "modifiedBy": "admin",
    "comment": ""
  },
  "data": {
    "adlSource": {
      "type": "sql.sqlserver",
      "connection": "_default",
      "dbName": "MDM_2.3_AFTWIN",
      "table_schema": "dbo"
    },
    "adlTable": "rdl.tblFunctionalClass",
    "build": {
      "createdDate": "2021-05-03T17:33:41.848Z",
      "triples": 6482,
      "graphUri": "http://data.total.com/resource/one-model/assets/aftwin-uk/0.1/"
    }
  }
}