{
  "mappings": [
    {
      "subject": "adl.tbltagtomodel.tagid",
      "predicate": "http://www.w3.org/1999/02/22-rdf-syntax-ns#type",
      "object": "http://w3id.org/readi/rdl/CFIHOS-00000028"
    },
    {
      "subject": "adl.tbltagtomodel.modelid",
      "predicate": "http://www.w3.org/1999/02/22-rdf-syntax-ns#type",
      "object": "http://w3id.org/readi/rdl/CFIHOS-00000008"
    },
    {
      "subject": "adl.tbltagtomodel.tagid",
      "predicate": "http://standards.iso.org/iso/15926/part14/concretizedBy",
      "object": "adl.tbltagtomodel.modelid"
    }
  ],
  "model": {
    "http://w3id.org/readi/rdl/CFIHOS-00000028": {
      "parents": [
        "http://standards.iso.org/iso/15926/part14/FunctionalObject",
        "http://standards.iso.org/iso/15926/part14/Object",
        "http://www.w3.org/2002/07/owl#Thing",
        "http://www.w3.org/1999/02/22-rdf-syntax-ns#type",
        "ONE-MODEL",
        "#"
      ],
      "label": "Tag"
    },
    "http://w3id.org/readi/rdl/CFIHOS-00000008": {
      "parents": [
        "http://standards.iso.org/iso/15926/part14/InformationObject",
        "http://standards.iso.org/iso/15926/part14/Object",
        "http://www.w3.org/2002/07/owl#Thing",
        "http://www.w3.org/1999/02/22-rdf-syntax-ns#type",
        "ONE-MODEL",
        "#"
      ],
      "label": "CFIHOS Model Part"
    },
    "http://standards.iso.org/iso/15926/part14/concretizedBy": {
      "label": "concretizedBy"
    }
  },
  "graph": {
    "adl.tbltagtomodel.tagid": {
      "x": -110,
      "y": -118
    },
    "adl.tbltagtomodel.modelid": {
      "x": 105,
      "y": 113
    }
  },
  "infos": {
    "lastModified": "2021-05-01T13:55:02.468Z",
    "modifiedBy": "admin",
    "comment": ""
  },
  "data": {
    "adlSource": {
      "type": "sql.sqlserver",
      "connection": "_default",
      "dbName": "MDM_2.3_AFTWIN",
      "table_schema": "dbo"
    },
    "adlTable": "adl.tblTagToModel",
    "build": {
      "createdDate": "2021-05-06T06:04:10.017Z",
      "triples": 99717,
      "graphUri": "http://data.total.com/resource/one-model/assets/aftwin-uk/0.1/"
    }
  }
}