{
  "mappings": [
    {
      "subject": "adl.tbltagtomodelitem.id",
      "predicate": "http://www.w3.org/1999/02/22-rdf-syntax-ns#type",
      "object": "http://standards.iso.org/iso/15926/part14/PhysicalObject"
    },
    {
      "subject": "adl.tbltagtomodelitem.tagid",
      "predicate": "http://www.w3.org/1999/02/22-rdf-syntax-ns#type",
      "object": "http://w3id.org/readi/rdl/CFIHOS-00000039"
    }
  ],
  "model": {
    "http://standards.iso.org/iso/15926/part14/PhysicalObject": {
      "parents": [
        "http://standards.iso.org/iso/15926/part14/Object",
        "http://www.w3.org/2002/07/owl#Thing",
        "http://www.w3.org/1999/02/22-rdf-syntax-ns#type",
        "ONE-MODEL",
        "#"
      ],
      "label": "PhysicalObject"
    },
    "http://w3id.org/readi/rdl/CFIHOS-00000039": {
      "parents": [
        "http://standards.iso.org/iso/15926/part14/Site",
        "http://standards.iso.org/iso/15926/part14/Location",
        "http://standards.iso.org/iso/15926/part14/Object",
        "http://www.w3.org/2002/07/owl#Thing",
        "http://www.w3.org/1999/02/22-rdf-syntax-ns#type",
        "ONE-MODEL",
        "#"
      ],
      "label": "ISO COUNTRY"
    }
  },
  "graph": {
    "adl.tbltagtomodelitem.id": {
      "x": -37,
      "y": -36
    },
    "adl.tbltagtomodelitem.tagid": {
      "x": 137,
      "y": 139
    }
  },
  "infos": {
    "lastModified": "2021-05-04T02:17:31.778Z",
    "modifiedBy": "admin",
    "comment": ""
  },
  "data": {
    "adlSource": {
      "type": "sql.sqlserver",
      "connection": "_default",
      "dbName": "MDM_2.3_AFTWIN",
      "table_schema": "dbo"
    },
    "adlTable": "adl.tblTagToModelItem"
  }
}