{
  "mappings": [
    {
      "subject": "adl.tblmodelattribute.modelid",
      "predicate": "http://www.w3.org/1999/02/22-rdf-syntax-ns#type",
      "object": "http://w3id.org/readi/rdl/CFIHOS-00000008"
    },
    {
      "subject": "adl.tblmodelattribute.attributeid",
      "predicate": "http://www.w3.org/1999/02/22-rdf-syntax-ns#type",
      "object": "http://data.total.com/resource/one-model/ontology#TOTAL-Attribute"
    },
    {
      "subject": "adl.tblmodelattribute.fromvalue",
      "predicate": "http://www.w3.org/1999/02/22-rdf-syntax-ns#type",
      "object": "xsd:float"
    },
    {
      "subject": "adl.tblmodelattribute.tovalue",
      "predicate": "http://www.w3.org/1999/02/22-rdf-syntax-ns#type",
      "object": "xsd:float"
    },
    {
      "subject": "adl.tblmodelattribute.id",
      "predicate": "http://www.w3.org/1999/02/22-rdf-syntax-ns#type",
      "object": "http://standards.iso.org/iso/15926/part14/Quality"
    },
    {
      "subject": "adl.tblmodelattribute.modelid",
      "predicate": "http://standards.iso.org/iso/15926/part14/hasQuality",
      "object": "adl.tblmodelattribute.id"
    },
    {
      "subject": "adl.tblmodelattribute.id",
      "predicate": "http://standards.iso.org/iso/15926/part14/quantifiesQuality",
      "object": "adl.tblmodelattribute.attributeid"
    },
    {
      "subject": "adl.tblmodelattribute.fromvalue",
      "predicate": "http://data.15926.org/tip/INDStreamHasAsSource_var_Label-2",
      "object": "adl.tblmodelattribute.id"
    },
    {
      "subject": "adl.tblmodelattribute.tovalue",
      "predicate": "http://data.15926.org/tip/INDStreamHasAsDestination_var_Label-2",
      "object": "adl.tblmodelattribute.id"
    }
  ],
  "model": {
    "http://w3id.org/readi/rdl/CFIHOS-00000008": {
      "parents": [
        "http://standards.iso.org/iso/15926/part14/InformationObject",
        "http://standards.iso.org/iso/15926/part14/Object",
        "http://www.w3.org/2002/07/owl#Thing",
        "http://www.w3.org/1999/02/22-rdf-syntax-ns#type",
        "ONE-MODEL",
        "#"
      ],
      "label": "CFIHOS Model Part"
    },
    "http://data.total.com/resource/one-model/ontology#TOTAL-Attribute": {
      "parents": [
        "http://standards.iso.org/iso/15926/part14/Quality",
        "http://standards.iso.org/iso/15926/part14/Aspect",
        "http://www.w3.org/2002/07/owl#Thing",
        "http://www.w3.org/1999/02/22-rdf-syntax-ns#type",
        "ONE-MODEL",
        "#"
      ],
      "label": "TOTAL-Attribute"
    },
    "xsd:float": {
      "parents": [
        "#"
      ],
      "label": "xsd:float"
    },
    "http://standards.iso.org/iso/15926/part14/Quality": {
      "parents": [
        "http://standards.iso.org/iso/15926/part14/Aspect",
        "http://www.w3.org/2002/07/owl#Thing",
        "http://www.w3.org/1999/02/22-rdf-syntax-ns#type",
        "ONE-MODEL",
        "#"
      ],
      "label": "Quality"
    },
    "http://standards.iso.org/iso/15926/part14/hasQuality": {
      "label": "hasQuality"
    },
    "http://standards.iso.org/iso/15926/part14/quantifiesQuality": {
      "label": "quantifiesQuality"
    },
    "http://data.15926.org/tip/INDStreamHasAsSource_var_Label-2": {
      "label": "hasSource"
    },
    "http://data.15926.org/tip/INDStreamHasAsDestination_var_Label-2": {
      "label": "hasDestination"
    }
  },
  "graph": {
    "adl.tblmodelattribute.modelid": {
      "x": -294,
      "y": 8
    },
    "adl.tblmodelattribute.attributeid": {
      "x": 45,
      "y": 8
    },
    "adl.tblmodelattribute.fromvalue": {
      "x": 88,
      "y": -145
    },
    "adl.tblmodelattribute.tovalue": {
      "x": -61,
      "y": 59
    },
    "adl.tblmodelattribute.id": {
      "x": -330,
      "y": -113
    }
  },
  "infos": {
    "lastModified": "2021-05-01T13:54:42.890Z",
    "modifiedBy": "admin",
    "comment": ""
  },
  "data": {
    "adlSource": {
      "type": "sql.sqlserver",
      "connection": "_default",
      "dbName": "MDM_2.3_AFTWIN",
      "table_schema": "dbo"
    },
    "adlTable": "adl.tblModelAttribute",
    "build": {
      "createdDate": "2021-05-06T06:04:27.863Z",
      "triples": 4157,
      "graphUri": "http://data.total.com/resource/one-model/assets/aftwin-uk/0.1/"
    }
  }
}