{
  "mappings": [
    {
      "subject": "adl.tbltagtotag.primarytagid",
      "predicate": "http://www.w3.org/1999/02/22-rdf-syntax-ns#type",
      "object": "http://w3id.org/readi/rdl/CFIHOS-00000028"
    },
    {
      "subject": "adl.tbltagtotag.linktagid",
      "predicate": "http://www.w3.org/1999/02/22-rdf-syntax-ns#type",
      "object": "http://w3id.org/readi/rdl/CFIHOS-00000028"
    },
    {
      "subject": "adl.tbltagtotag.primarytagid",
      "predicate": "http://standards.iso.org/iso/15926/part14/hasArrangedPart",
      "object": "adl.tbltagtotag.linktagid"
    }
  ],
  "model": {
    "http://w3id.org/readi/rdl/CFIHOS-00000028": {
      "parents": [
        "http://standards.iso.org/iso/15926/part14/FunctionalObject",
        "http://standards.iso.org/iso/15926/part14/Object",
        "http://www.w3.org/2002/07/owl#Thing",
        "http://www.w3.org/1999/02/22-rdf-syntax-ns#type",
        "ONE-MODEL",
        "#"
      ],
      "label": "Tag"
    },
    "http://standards.iso.org/iso/15926/part14/hasArrangedPart": {
      "parents": [
        "http://standards.iso.org/iso/15926/part14/hasPart",
        "ONE-MODEL",
        "#"
      ],
      "label": "hasArrangedPart"
    }
  },
  "graph": {
    "adl.tbltagtotag.primarytagid": {
      "x": 156,
      "y": 175
    },
    "adl.tbltagtotag.linktagid": {
      "x": 371,
      "y": 410
    }
  },
  "infos": {
    "lastModified": "2021-05-03T10:13:31.666Z",
    "modifiedBy": "admin",
    "comment": ""
  },
  "data": {
    "adlSource": {
      "type": "sql.sqlserver",
      "connection": "_default",
      "dbName": "MDM_2.3_AFTWIN",
      "table_schema": "dbo"
    },
    "adlTable": "adl.tblTagToTag",
    "build": {
      "createdDate": "2021-05-04T18:26:25.310Z",
      "triples": 405381,
      "graphUri": "http://data.total.com/resource/one-model/assets/aftwin-uk/0.1/"
    }
  }
}