{
  "mappings": [
    {
      "subject": "adl.tblorganisation.id",
      "predicate": "http://www.w3.org/1999/02/22-rdf-syntax-ns#type",
      "object": "http://standards.iso.org/iso/15926/part14/Organization"
    },
    {
      "subject": "adl.tblorganisation.name",
      "predicate": "http://www.w3.org/1999/02/22-rdf-syntax-ns#type",
      "object": "xsd:string"
    },
    {
      "subject": "adl.tblorganisation.status",
      "predicate": "http://www.w3.org/1999/02/22-rdf-syntax-ns#type",
      "object": "xsd:string"
    },
    {
      "subject": "adl.tblorganisation.id",
      "predicate": "http://www.w3.org/2000/01/rdf-schema#label",
      "object": "adl.tblorganisation.name"
    },
    {
      "subject": "adl.tblorganisation.id",
      "predicate": "http://standards.iso.org/iso/15926/part14/hasQuality",
      "object": "adl.tblorganisation.status"
    }
  ],
  "model": {
    "http://standards.iso.org/iso/15926/part14/Organization": {
      "parents": [
        "http://standards.iso.org/iso/15926/part14/Object",
        "http://www.w3.org/2002/07/owl#Thing",
        "http://www.w3.org/1999/02/22-rdf-syntax-ns#type",
        "ONE-MODEL",
        "#"
      ],
      "label": "Organization"
    },
    "xsd:string": {
      "parents": [
        "#"
      ],
      "label": "xsd:string"
    },
    "http://www.w3.org/2000/01/rdf-schema#label": {
      "label": "rdfs:label"
    },
    "http://standards.iso.org/iso/15926/part14/hasQuality": {
      "label": "hasQuality"
    }
  },
  "graph": {
    "adl.tblorganisation.id": {
      "x": -51,
      "y": -119
    },
    "adl.tblorganisation.name": {
      "x": -225,
      "y": -13
    },
    "adl.tblorganisation.status": {
      "x": 48,
      "y": 136
    }
  },
  "infos": {
    "lastModified": "2021-05-01T13:54:50.786Z",
    "modifiedBy": "admin",
    "comment": ""
  },
  "data": {
    "adlSource": {
      "type": "sql.sqlserver",
      "connection": "_default",
      "dbName": "MDM_2.3_AFTWIN",
      "table_schema": "dbo"
    },
    "adlTable": "adl.tblOrganisation",
    "build": {
      "createdDate": "2021-05-06T06:06:10.714Z",
      "triples": 2960,
      "graphUri": "http://data.total.com/resource/one-model/assets/aftwin-uk/0.1/"
    }
  }
}