{
  "mappings": [
    {
      "subject": "rl.tbltypicalassemblypattern.typicalassemblyrequirementid",
      "predicate": "http://www.w3.org/1999/02/22-rdf-syntax-ns#type",
      "object": "https://w3id.org/requirement-ontology/rdl/REQ_0011"
    },
    {
      "subject": "rl.tbltypicalassemblypattern.id",
      "predicate": "http://www.w3.org/1999/02/22-rdf-syntax-ns#type",
      "object": "https://w3id.org/requirement-ontology/rdl/REQ_0008"
    },
    {
      "subject": "rl.tbltypicalassemblypattern.name",
      "predicate": "http://www.w3.org/1999/02/22-rdf-syntax-ns#type",
      "object": "xsd:string"
    },
    {
      "subject": "rl.tbltypicalassemblypattern.typicalassemblyrequirementid",
      "predicate": "https://w3id.org/requirement-ontology/rdl/REQ_0018",
      "object": "rl.tbltypicalassemblypattern.id"
    },
    {
      "subject": "rl.tbltypicalassemblypattern.id",
      "predicate": "http://www.w3.org/2000/01/rdf-schema#label",
      "object": "rl.tbltypicalassemblypattern.name"
    }
  ],
  "model": {
    "https://w3id.org/requirement-ontology/rdl/REQ_0011": {
      "parents": [
        "https://w3id.org/requirement-ontology/rdl/REQ_0007",
        "https://w3id.org/requirement-ontology/rdl/REQ_0009",
        "http://standards.iso.org/iso/15926/part14/InformationObject",
        "http://standards.iso.org/iso/15926/part14/Object",
        "http://www.w3.org/2002/07/owl#Thing",
        "http://www.w3.org/1999/02/22-rdf-syntax-ns#type",
        "ONE-MODEL",
        "#"
      ],
      "label": "Requirement"
    },
    "https://w3id.org/requirement-ontology/rdl/REQ_0008": {
      "parents": [
        "https://w3id.org/requirement-ontology/rdl/REQ_0009",
        "http://standards.iso.org/iso/15926/part14/InformationObject",
        "http://standards.iso.org/iso/15926/part14/Object",
        "http://www.w3.org/2002/07/owl#Thing",
        "http://www.w3.org/1999/02/22-rdf-syntax-ns#type",
        "ONE-MODEL",
        "#"
      ],
      "label": "SCD Clause"
    },
    "xsd:string": {
      "parents": [
        "#"
      ],
      "label": "xsd:string"
    },
    "https://w3id.org/requirement-ontology/rdl/REQ_0018": {
      "label": "has SCD clause"
    },
    "http://www.w3.org/2000/01/rdf-schema#label": {
      "label": "rdfs:label"
    }
  },
  "graph": {
    "rl.tbltypicalassemblypattern.typicalassemblyrequirementid": {
      "x": 48,
      "y": 144
    },
    "rl.tbltypicalassemblypattern.id": {
      "x": 61,
      "y": 378
    },
    "rl.tbltypicalassemblypattern.name": {
      "x": 400,
      "y": 316
    }
  },
  "infos": {
    "lastModified": "2021-05-01T13:55:25.260Z",
    "modifiedBy": "admin",
    "comment": ""
  },
  "data": {
    "adlSource": {
      "type": "sql.sqlserver",
      "connection": "_default",
      "dbName": "MDM_2.3_AFTWIN",
      "table_schema": "dbo"
    },
    "adlTable": "rl.tblTypicalAssemblyPattern",
    "build": {
      "createdDate": "2021-05-04T10:03:46.725Z",
      "triples": 130,
      "graphUri": "http://data.total.com/resource/one-model/assets/aftwin-uk/0.1/"
    }
  }
}