{
  "mappings": [
    {
      "subject": "adl.tblmodel.id",
      "predicate": "http://www.w3.org/1999/02/22-rdf-syntax-ns#type",
      "object": "http://w3id.org/readi/rdl/CFIHOS-00000008"
    },
    {
      "subject": "adl.tblmodel.physicalclassid",
      "predicate": "http://www.w3.org/1999/02/22-rdf-syntax-ns#type",
      "object": "http://w3id.org/readi/rdl/CFIHOS-30000311"
    },
    {
      "subject": "adl.tblmodel.oemid",
      "predicate": "http://www.w3.org/1999/02/22-rdf-syntax-ns#type",
      "object": "http://standards.iso.org/iso/15926/part14/Organization"
    },
    {
      "subject": "adl.tblmodel.modelnumber",
      "predicate": "http://www.w3.org/1999/02/22-rdf-syntax-ns#type",
      "object": "xsd:string"
    },
    {
      "subject": "adl.tblmodel.status",
      "predicate": "http://www.w3.org/1999/02/22-rdf-syntax-ns#type",
      "object": "xsd:string"
    },
    {
      "subject": "adl.tblmodel.physicalclassid",
      "predicate": "http://standards.iso.org/iso/15926/part14/hasInstalled",
      "object": "adl.tblmodel.id"
    },
    {
      "subject": "adl.tblmodel.id",
      "predicate": "http://w3id.org/readi/rdl/D101001101",
      "object": "adl.tblmodel.oemid"
    },
    {
      "subject": "adl.tblmodel.id",
      "predicate": "http://www.w3.org/2000/01/rdf-schema#label",
      "object": "adl.tblmodel.modelnumber"
    },
    {
      "subject": "adl.tblmodel.id",
      "predicate": "http://w3id.org/readi/rdl/D101001536",
      "object": "adl.tblmodel.status"
    }
  ],
  "model": {
    "http://w3id.org/readi/rdl/CFIHOS-00000008": {
      "parents": [
        "http://standards.iso.org/iso/15926/part14/InformationObject",
        "http://standards.iso.org/iso/15926/part14/Object",
        "http://www.w3.org/2002/07/owl#Thing",
        "http://www.w3.org/1999/02/22-rdf-syntax-ns#type",
        "ONE-MODEL",
        "#"
      ],
      "label": "CFIHOS Model Part"
    },
    "http://w3id.org/readi/rdl/CFIHOS-30000311": {
      "parents": [
        "http://www.w3.org/1999/02/22-rdf-syntax-ns#type",
        "ONE-MODEL",
        "#"
      ],
      "label": "equipment class"
    },
    "http://standards.iso.org/iso/15926/part14/Organization": {
      "parents": [
        "http://standards.iso.org/iso/15926/part14/Object",
        "http://www.w3.org/2002/07/owl#Thing",
        "http://www.w3.org/1999/02/22-rdf-syntax-ns#type",
        "ONE-MODEL",
        "#"
      ],
      "label": "Organization"
    },
    "xsd:string": {
      "parents": [
        "#"
      ],
      "label": "xsd:string"
    },
    "http://standards.iso.org/iso/15926/part14/hasInstalled": {
      "label": "hasInstalled"
    },
    "http://w3id.org/readi/rdl/D101001101": {
      "label": "Manufacturer"
    },
    "http://www.w3.org/2000/01/rdf-schema#label": {
      "label": "rdfs:label"
    },
    "http://w3id.org/readi/rdl/D101001536": {
      "label": "CFIHOS picklist property"
    }
  },
  "graph": {
    "adl.tblmodel.id": {
      "x": 126,
      "y": 129
    },
    "adl.tblmodel.physicalclassid": {
      "x": 430,
      "y": 244
    },
    "adl.tblmodel.oemid": {
      "x": -22,
      "y": -42
    },
    "adl.tblmodel.modelnumber": {
      "x": 276,
      "y": -15
    },
    "adl.tblmodel.status": {
      "x": 552,
      "y": 98
    }
  },
  "infos": {
    "lastModified": "2021-05-04T09:29:50.428Z",
    "modifiedBy": "admin",
    "comment": ""
  },
  "data": {
    "adlSource": {
      "type": "sql.sqlserver",
      "connection": "_default",
      "dbName": "MDM_2.3_AFTWIN",
      "table_schema": "dbo"
    },
    "adlTable": "adl.tblModel",
    "build": {
      "createdDate": "2021-05-06T07:30:42.961Z",
      "triples": 38679,
      "graphUri": "http://data.total.com/resource/one-model/assets/aftwin-uk/0.1/"
    }
  }
}